Timestamp,Flow Duration,Tot Fwd Pkts,Tot Bwd Pkts,TotLen Fwd Pkts,TotLen Bwd Pkts,Flow Byts/s,Flow Pkts/s,Fwd IAT Mean,Bwd IAT Mean,SYN Flag Cnt,ACK Flag Cnt,Label
2018-02-14 01:01:00,0.9999968928031008,0.0002456600065509335,0.0,0.0,0.0,0.0,2.1196801155941655e-08,0.9999968928031008,0.0,0.0,0.0,0.0
2018-02-14 01:01:30,0.0,0.0,0.0,0.0,0.0,0.0,0.0,0.0,0.0,0.0,0.0,0.0
2018-02-14 01:02:00,0.0,0.0,0.0,0.0,0.0,0.0,0.0,0.0,0.0,0.0,0.0,0.0
2018-02-14 01:02:30,0.0,0.0,0.0,0.0,0.0,0.0,0.0,0.0,0.0,0.0,0.0,0.0
2018-02-14 01:03:00,0.0,0.0,0.0,0.0,0.0,0.0,0.0,0.0,0.0,0.0,0.0,0.0
2018-02-14 01:03:30,0.0,0.0,0.0,0.0,0.0,0.0,0.0,0.0,0.0,0.0,0.0,0.0
2018-02-14 01:04:00,0.9999964400401241,0.0002456600065509335,0.0,0.0,0.0,0.0,2.119681078607636e-08,0.9999964400401241,0.0,0.0,0.0,0.0
2018-02-14 01:04:30,0.0,0.0,0.0,0.0,0.0,0.0,0.0,0.0,0.0,0.0,0.0,0.0
2018-02-14 01:05:00,0.0,0.0,0.0,0.0,0.0,0.0,0.0,0.0,0.0,0.0,0.0,0.0
2018-02-14 01:05:30,0.0,0.0,0.0,0.0,0.0,0.0,0.0,0.0,0.0,0.0,0.0,0.0
2018-02-14 01:06:00,0.0,0.0,0.0,0.0,0.0,0.0,0.0,0.0,0.0,0.0,0.0,0.0
2018-02-14 01:06:30,0.9999947177652714,0.0002456600065509335,0.0,0.0,0.0,0.0,2.1196847316917925e-08,0.9999947177652714,0.0,0.0,0.0,0.0
2018-02-14 01:07:00,0.0,0.0,0.0,0.0,0.0,0.0,0.0,0.0,0.0,0.0,0.0,0.0
2018-02-14 01:07:30,0.0,0.0,0.0,0.0,0.0,0.0,0.0,0.0,0.0,0.0,0.0,0.0
2018-02-14 01:08:00,0.0,0.0,0.0,0.0,0.0,0.0,0.0,0.0,0.0,0.0,0.0,0.0
2018-02-14 01:08:30,0.0,0.0,0.0,0.0,0.0,0.0,0.0,0.0,0.0,0.0,0.0,0.0
2018-02-14 01:09:00,0.0,0.0,0.0,0.0,0.0,0.0,0.0,0.0,0.0,0.0,0.0,0.0
2018-02-14 01:09:30,0.9999936346852094,0.0002456600065509335,0.0,0.0,0.0,0.0,2.119687023823028e-08,0.9999936346852094,0.0,0.0,0.0,0.0
2018-02-14 01:10:00,0.0,0.0,0.0,0.0,0.0,0.0,0.0,0.0,0.0,0.0,0.0,0.0
2018-02-14 01:10:30,0.0,0.0,0.0,0.0,0.0,0.0,0.0,0.0,0.0,0.0,0.0,0.0
2018-02-14 01:11:00,0.0,0.0,0.0,0.0,0.0,0.0,0.0,0.0,0.0,0.0,0.0,0.0
2018-02-14 01:11:30,0.0,0.0,0.0,0.0,0.0,0.0,0.0,0.0,0.0,0.0,0.0,0.0
2018-02-14 01:12:00,0.0,0.0,0.0,0.0,0.0,0.0,0.0,0.0,0.0,0.0,0.0,0.0
2018-02-14 01:12:30,0.9999928534471318,0.0002456600065509335,0.0,0.0,0.0,0.0,2.1196886792511426e-08,0.9999928534471318,0.0,0.0,0.0,0.0
2018-02-14 01:13:00,0.0,0.0,0.0,0.0,0.0,0.0,0.0,0.0,0.0,0.0,0.0,0.0
2018-02-14 01:13:30,0.0,0.0,0.0,0.0,0.0,0.0,0.0,0.0,0.0,0.0,0.0,0.0
2018-02-14 01:14:00,0.0,0.0,0.0,0.0,0.0,0.0,0.0,0.0,0.0,0.0,0.0,0.0
2018-02-14 01:14:30,0.0,0.0,0.0,0.0,0.0,0.0,0.0,0.0,0.0,0.0,0.0,0.0
2018-02-14 01:15:00,0.999992480583504,0.0002456600065509335,0.0,0.0,0.0,0.0,2.1196894671712546e-08,0.999992480583504,0.0,0.0,0.0,0.0
2018-02-14 01:15:30,0.0,0.0,0.0,0.0,0.0,0.0,0.0,0.0,0.0,0.0,0.0,0.0
2018-02-14 01:16:00,0.0,0.0,0.0,0.0,0.0,0.0,0.0,0.0,0.0,0.0,0.0,0.0
2018-02-14 01:16:30,0.0,0.0,0.0,0.0,0.0,0.0,0.0,0.0,0.0,0.0,0.0,0.0
2018-02-14 01:17:00,5.8504078759664525e-06,8.188666885031116e-05,8.614006374364717e-05,9.399901219571385e-06,0.00023161755646997949,0.08520943842106414,0.0024154139642315353,0.0,0.0,0.0,0.0,0.0
2018-02-14 01:17:30,0.0,0.0,0.0,0.0,0.0,0.0,0.0,0.0,0.0,0.0,0.0,0.0
2018-02-14 01:18:00,0.9999917259785427,0.0002456600065509335,0.0,0.0,0.0,0.0,2.1196910668878462e-08,0.9999917259785427,0.0,0.0,0.0,0.0
2018-02-14 01:18:30,0.0,0.0,0.0,0.0,0.0,0.0,0.0,0.0,0.0,0.0,0.0,0.0
2018-02-14 01:19:00,0.0,0.0,0.0,0.0,0.0,0.0,0.0,0.0,0.0,0.0,0.0,0.0
2018-02-14 01:19:30,0.0,0.0,0.0,0.0,0.0,0.0,0.0,0.0,0.0,0.0,0.0,0.0
2018-02-14 01:20:00,0.0,0.0,0.0,0.0,0.0,0.0,0.0,0.0,0.0,0.0,0.0,0.0
2018-02-14 01:20:30,0.0,0.0,0.0,0.0,0.0,0.0,0.0,0.0,0.0,0.0,0.0,0.0
2018-02-14 01:21:00,0.9999914951582016,0.0002456600065509335,0.0,0.0,0.0,0.0,2.119691560332765e-08,0.9999914951582016,0.0,0.0,0.0,0.0
2018-02-14 01:21:30,0.0,0.0,0.0,0.0,0.0,0.0,0.0,0.0,0.0,0.0,0.0,0.0
2018-02-14 01:22:00,0.0,0.0,0.0,0.0,0.0,0.0,0.0,0.0,0.0,0.0,0.0,0.0
2018-02-14 01:22:30,0.0,0.0,0.0,0.0,0.0,0.0,0.0,0.0,0.0,0.0,0.0,0.0
2018-02-14 01:23:00,0.0,0.0,0.0,0.0,0.0,0.0,0.0,0.0,0.0,0.0,0.0,0.0
2018-02-14 01:23:30,0.9999924361949768,0.0002456600065509335,0.0,0.0,0.0,0.0,2.1196895626767228e-08,0.9999924361949768,0.0,0.0,0.0,0.0
2018-02-14 01:24:00,0.0,0.0,0.0,0.0,0.0,0.0,0.0,0.0,0.0,0.0,0.0,0.0
2018-02-14 01:24:30,0.0,0.0,0.0,0.0,0.0,0.0,0.0,0.0,0.0,0.0,0.0,0.0
2018-02-14 01:25:00,0.0,0.0,0.0,0.0,0.0,0.0,0.0,0.0,0.0,0.0,0.0,0.0
2018-02-14 01:25:30,0.0,0.0,0.0,0.0,0.0,0.0,0.0,0.0,0.0,0.0,0.0,0.0
2018-02-14 01:26:00,0.0,0.0,0.0,0.0,0.0,0.0,0.0,0.0,0.0,0.0,0.0,0.0
2018-02-14 01:26:30,0.9999923474179225,0.0002456600065509335,0.0,0.0,0.0,0.0,2.1196897536876592e-08,0.9999923474179225,0.0,0.0,0.0,0.0
2018-02-14 01:27:00,0.0,0.0,0.0,0.0,0.0,0.0,0.0,0.0,0.0,0.0,0.0,0.0
2018-02-14 01:27:30,0.0,0.0,0.0,0.0,0.0,0.0,0.0,0.0,0.0,0.0,0.0,0.0
2018-02-14 01:28:00,0.0,0.0,0.0,0.0,0.0,0.0,0.0,0.0,0.0,0.0,0.0,0.0
2018-02-14 01:28:30,0.0,0.0,0.0,0.0,0.0,0.0,0.0,0.0,0.0,0.0,0.0,0.0
2018-02-14 01:29:00,0.0,0.0,0.0,0.0,0.0,0.0,0.0,0.0,0.0,0.0,0.0,0.0
2018-02-14 01:29:30,0.9999912110716279,0.0002456600065509335,0.0,0.0,0.0,0.0,2.1196921652007296e-08,0.9999912110716279,0.0,0.0,0.0,0.0
2018-02-14 01:30:00,0.0029527869687429043,0.0004094333442515558,0.00043070031871823584,0.00010928951817954997,0.00047309117917272405,0.0011165660476485522,2.392850725374489e-05,0.0014763934843714521,0.03696777562535513,1.0,1.0,0.0
2018-02-14 01:30:30,0.0,0.0,0.0,0.0,0.0,0.0,0.0,0.0,0.0,0.0,0.0,0.0
2018-02-14 01:31:00,0.0,0.0,0.0,0.0,0.0,0.0,0.0,0.0,0.0,0.0,0.0,0.0
2018-02-14 01:31:30,0.0,0.0,0.0,0.0,0.0,0.0,0.0,0.0,0.0,0.0,0.0,0.0
2018-02-14 01:32:00,0.9999913442372094,0.0002456600065509335,0.0,0.0,0.0,0.0,2.1196918786843254e-08,0.9999913442372094,0.0,0.0,0.0,0.0
2018-02-14 01:32:30,0.0,0.0,0.0,0.0,0.0,0.0,0.0,0.0,0.0,0.0,0.0,0.0
2018-02-14 01:33:00,0.0,0.0,0.0,0.0,0.0,0.0,0.0,0.0,0.0,0.0,0.0,0.0
2018-02-14 01:33:30,0.0,0.0,0.0,0.0,0.0,0.0,0.0,0.0,0.0,0.0,0.0,0.0
2018-02-14 01:34:00,0.0,0.0,0.0,0.0,0.0,0.0,0.0,0.0,0.0,0.0,0.0,0.0
2018-02-14 01:34:30,0.0,0.0,0.0,0.0,0.0,0.0,0.0,0.0,0.0,0.0,0.0,0.0
2018-02-14 01:35:00,0.9999848457568372,0.0002456600065509335,0.0,0.0,0.0,0.0,2.1197056553481052e-08,0.9999848457568372,0.0,0.0,0.0,0.0
2018-02-14 01:35:30,0.0,0.0,0.0,0.0,0.0,0.0,0.0,0.0,0.0,0.0,0.0,0.0
2018-02-14 01:36:00,0.0,0.0,0.0,0.0,0.0,0.0,0.0,0.0,0.0,0.0,0.0,0.0
2018-02-14 01:36:30,0.0,0.0,0.0,0.0,0.0,0.0,0.0,0.0,0.0,0.0,0.0,0.0
2018-02-14 01:37:00,0.0,0.0,0.0,0.0,0.0,0.0,0.0,0.0,0.0,0.0,0.0,0.0
2018-02-14 01:37:30,0.9999830169495194,0.0002456600065509335,0.0,0.0,0.0,0.0,2.1197095312783544e-08,0.9999830169495194,0.0,0.0,0.0,0.0
2018-02-14 01:38:00,0.0,0.0,0.0,0.0,0.0,0.0,0.0,0.0,0.0,0.0,0.0,0.0
2018-02-14 01:38:30,0.0,0.0,0.0,0.0,0.0,0.0,0.0,0.0,0.0,0.0,0.0,0.0
2018-02-14 01:39:00,0.0,0.0,0.0,0.0,0.0,0.0,0.0,0.0,0.0,0.0,0.0,0.0
2018-02-14 01:39:30,0.0,0.0,0.0,0.0,0.0,0.0,0.0,0.0,0.0,0.0,0.0,0.0
2018-02-14 01:40:00,0.0,0.0,0.0,0.0,0.0,0.0,0.0,0.0,0.0,0.0,0.0,0.0
2018-02-14 01:40:30,0.9999854583185117,0.0002456600065509335,0.0,0.0,0.0,0.0,2.1197043580654964e-08,0.9999854583185117,0.0,0.0,0.0,0.0
2018-02-14 01:41:00,0.0,0.0,0.0,0.0,0.0,0.0,0.0,0.0,0.0,0.0,0.0,0.0
2018-02-14 01:41:30,0.0,0.0,0.0,0.0,0.0,0.0,0.0,0.0,0.0,0.0,0.0,0.0
2018-02-14 01:42:00,0.0,0.0,0.0,0.0,0.0,0.0,0.0,0.0,0.0,0.0,0.0,0.0
2018-02-14 01:42:30,0.0,0.0,0.0,0.0,0.0,0.0,0.0,0.0,0.0,0.0,0.0,0.0
2018-02-14 01:43:00,0.0,0.0,0.0,0.0,0.0,0.0,0.0,0.0,0.0,0.0,0.0,0.0
2018-02-14 01:43:30,0.4999955211976124,0.00032754667540124465,8.614006374364717e-05,9.399901219571385e-06,0.00023161755646997949,0.050679620865957765,0.001436615113341955,0.4999930620732093,0.0,0.0,0.0,0.0
2018-02-14 01:44:00,0.0,0.0,0.0,0.0,0.0,0.0,0.0,0.0,0.0,0.0,0.0,0.0
2018-02-14 01:44:30,0.0,0.0,0.0,0.0,0.0,0.0,0.0,0.0,0.0,0.0,0.0,0.0
2018-02-14 01:45:00,0.0,0.0,0.0,0.0,0.0,0.0,0.0,0.0,0.0,0.0,0.0,0.0
2018-02-14 01:45:30,0.0,0.0,0.0,0.0,0.0,0.0,0.0,0.0,0.0,0.0,0.0,0.0
2018-02-14 01:46:00,0.9999878375435659,0.0002456600065509335,0.0,0.0,0.0,0.0,2.119699312193263e-08,0.9999878375435659,0.0,0.0,0.0,0.0
2018-02-14 01:46:30,0.0,0.0,0.0,0.0,0.0,0.0,0.0,0.0,0.0,0.0,0.0,0.0
2018-02-14 01:47:00,0.0,0.0,0.0,0.0,0.0,0.0,0.0,0.0,0.0,0.0,0.0,0.0
2018-02-14 01:47:30,0.0,0.0,0.0,0.0,0.0,0.0,0.0,0.0,0.0,0.0,0.0,0.0
2018-02-14 01:48:00,0.0,0.0,0.0,0.0,0.0,0.0,0.0,0.0,0.0,0.0,0.0,0.0
2018-02-14 01:48:30,0.0,0.0,0.0,0.0,0.0,0.0,0.0,0.0,0.0,0.0,0.0,0.0
2018-02-14 01:49:00,0.9999886454147597,0.0002456600065509335,0.0,0.0,0.0,0.0,2.1196976010536253e-08,0.9999886454147597,0.0,0.0,0.0,0.0
2018-02-14 01:49:30,0.0,0.0,0.0,0.0,0.0,0.0,0.0,0.0,0.0,0.0,0.0,0.0
2018-02-14 01:50:00,0.0,0.0,0.0,0.0,0.0,0.0,0.0,0.0,0.0,0.0,0.0,0.0
2018-02-14 01:50:30,0.0,0.0,0.0,0.0,0.0,0.0,0.0,0.0,0.0,0.0,0.0,0.0
2018-02-14 01:51:00,0.0,0.0,0.0,0.0,0.0,0.0,0.0,0.0,0.0,0.0,0.0,0.0
2018-02-14 01:51:30,0.0,0.0,0.0,0.0,0.0,0.0,0.0,0.0,0.0,0.0,0.0,0.0
2018-02-14 01:52:00,0.9999878197881551,0.0002456600065509335,0.0,0.0,0.0,0.0,2.119699351987208e-08,0.9999878197881551,0.0,0.0,0.0,0.0
2018-02-14 01:52:30,0.0,0.0,0.0,0.0,0.0,0.0,0.0,0.0,0.0,0.0,0.0,0.0
2018-02-14 01:53:00,0.0,0.0,0.0,0.0,0.0,0.0,0.0,0.0,0.0,0.0,0.0,0.0
2018-02-14 01:53:30,0.0,0.0,0.0,0.0,0.0,0.0,0.0,0.0,0.0,0.0,0.0,0.0
2018-02-14 01:54:00,0.0,0.0,0.0,0.0,0.0,0.0,0.0,0.0,0.0,0.0,0.0,0.0
2018-02-14 01:54:30,0.9999886809255815,0.0002456600065509335,0.0,0.0,0.0,0.0,2.119697521465735e-08,0.9999886809255815,0.0,0.0,0.0,0.0
2018-02-14 01:55:00,0.0,0.0,0.0,0.0,0.0,0.0,0.0,0.0,0.0,0.0,0.0,0.0
2018-02-14 01:55:30,0.0,0.0,0.0,0.0,0.0,0.0,0.0,0.0,0.0,0.0,0.0,0.0
2018-02-14 01:56:00,0.0,0.0,0.0,0.0,0.0,0.0,0.0,0.0,0.0,0.0,0.0,0.0
2018-02-14 01:56:30,0.0,0.0,0.0,0.0,0.0,0.0,0.0,0.0,0.0,0.0,0.0,0.0
2018-02-14 01:57:00,0.0,0.0,0.0,0.0,0.0,0.0,0.0,0.0,0.0,0.0,0.0,0.0
2018-02-14 01:57:30,0.9999871184494264,0.0002456600065509335,0.0,0.0,0.0,0.0,2.119700840280753e-08,0.9999871184494264,0.0,0.0,0.0,0.0
2018-02-14 01:58:00,0.0,0.0,0.0,0.0,0.0,0.0,0.0,0.0,0.0,0.0,0.0,0.0
2018-02-14 01:58:30,0.0,0.0,0.0,0.0,0.0,0.0,0.0,0.0,0.0,0.0,0.0,0.0
2018-02-14 01:59:00,0.0,0.0,0.0,0.0,0.0,0.0,0.0,0.0,0.0,0.0,0.0,0.0
2018-02-14 01:59:30,0.0,0.0,0.0,0.0,0.0,0.0,0.0,0.0,0.0,0.0,0.0,0.0
2018-02-14 02:00:00,0.9999887608249303,0.0002456600065509335,0.0,0.0,0.0,0.0,2.1196973543311658e-08,0.9999887608249303,0.0,0.0,0.0,0.0
2018-02-14 02:00:30,0.0,0.0,0.0,0.0,0.0,0.0,0.0,0.0,0.0,0.0,0.0,0.0
2018-02-14 02:01:00,0.0,0.0,0.0,0.0,0.0,0.0,0.0,0.0,0.0,0.0,0.0,0.0
2018-02-14 02:01:30,0.0017518173813746683,0.32230592859482476,0.32621242139719187,0.010354429855414795,0.31894934333958724,0.0005617624942009041,0.1250065296550448,0.0001651388329170855,0.005757632681363078,0.0,0.48484848484848486,1.0
2018-02-14 02:02:00,0.0016238932071881563,0.9733868326236488,0.9796709449564993,0.030987087700357723,0.9568480300187617,0.000554703842448588,0.1274387999985026,0.0001525914851725598,0.005357191871301498,0.0,0.5048543689320388,1.0
2018-02-14 02:02:30,0.0016573071321101258,0.9978709466098918,1.0,0.03145683209730377,0.975609756097561,0.0005635117486132799,0.12431124053848819,0.00015458803922443885,0.005452466992642343,0.0,0.49514563106796117,1.0
2018-02-14 02:03:00,0.0025898044401769993,0.9999999999999999,0.9990524592988199,0.03139216077691312,0.975609756097561,0.0005614683162806978,0.1276139002843786,0.0011124282158011093,0.005362617815025131,0.0,0.49951969260326606,1.0
2018-02-14 02:03:30,0.0016493591076160977,0.9981984932852931,0.9931949349642519,0.031335260041530644,0.9699812382739212,0.000552266452568692,0.12906122942187234,0.00015298192792185955,0.005430661388280711,0.0,0.5014464802314368,1.0
2018-02-14 02:04:00,0.0016563411758839797,0.9829675728791352,0.9841502282711689,0.03120692005687943,0.9624765478424016,0.0005580097046187685,0.12356899948207128,0.00015477665974523904,0.005463852703574065,0.0,0.49853372434017595,1.0
2018-02-14 02:04:30,0.0017554626475152627,0.9866524729773992,0.9886295115858386,0.0322902900054391,0.9737335834896811,0.0005987868025009626,0.11637427205098554,0.00016452820331891503,0.005799171746008439,0.0,0.4676923076923077,1.0
2018-02-14 02:05:00,0.003311698822182394,0.9402227317392727,0.9340167111723663,0.03181703631203774,0.9587242026266417,0.0011197339699007486,9.376442171680359e-05,0.0003085699110610691,0.010948326530913611,0.0,0.0,1.0
2018-02-14 02:05:30,0.003174691330878518,0.9596298722567965,0.9654578344387975,0.032386043665862466,0.9812382739212008,0.0011630673020617186,0.0001011705584976932,0.0002963745429680209,0.010414386786968361,0.0,0.007590132827324478,1.0
2018-02-14 02:06:00,0.005101368965470152,0.9604487389452996,0.9587389094667931,0.03282746302713354,0.9793621013133209,0.0011615440685195713,9.805645063957822e-05,0.002202494204702117,0.010537328790264887,0.0,0.0038095238095238095,1.0
2018-02-14 02:06:30,0.0032347710086576744,0.956845725515886,0.9532259453871996,0.03260437203818904,0.975609756097561,0.0011493234080814832,9.734684069496404e-05,0.0003012933680695807,0.010668479501292936,0.0,0.0019193857965451055,1.0
2018-02-14 02:07:00,0.003254269805071764,0.9624959056665574,0.9542596261521233,0.032253191728625855,0.9774859287054409,0.0011337595915558918,9.790277301508861e-05,0.0003019783156373794,0.010751093137794173,0.0,0.0038240917782026767,1.0
2018-02-14 02:07:30,0.0032353676934305845,0.9573370455289878,0.9552071668533035,0.03148064518039335,0.9774859287054409,0.0011274714850785326,0.00010080676419951443,0.0003019141026024181,0.010671145937109529,0.0,0.0038240917782026767,1.0
2018-02-14 02:08:00,0.0032516118650497516,0.9588110055682935,0.9450426393315531,0.03144379756761263,0.9718574108818011,0.0011312973067541168,9.664328953435147e-05,0.000300856888575685,0.010832358350972293,0.0,0.0038461538461538464,1.0
2018-02-14 02:08:30,0.005160664416983118,0.9584015722240419,0.9592557498492549,0.03156887891984106,0.9774859287054409,0.0011273033189284588,9.577458076702591e-05,0.0022183292091448852,0.010638797701271442,0.0,0.0,1.0
2018-02-14 02:09:00,0.003221512192370813,0.9564362921716344,0.9594280299767423,0.031744845070671435,0.9774859287054409,0.001138516729718467,9.837733456362799e-05,0.00030075687606026286,0.010577440660820786,0.0,0.0038240917782026767,1.0
2018-02-14 02:09:30,0.0033042402708144685,0.9433344251555846,0.9391851149969851,0.03105251101284594,0.9624765478424016,0.0011095083681041031,9.406554212650044e-05,0.0003080121215648246,0.010905610023689363,0.0,0.0,1.0
2018-02-14 02:10:00,0.003241512969898934,0.9566819521781853,0.9594280299767423,0.03165009406637816,0.9774859287054409,0.0011361649397738254,9.632557705588395e-05,0.0003025628565760727,0.010627309960888036,0.0,0.0,1.0
2018-02-14 02:10:30,0.003240029031965985,0.9543072387815263,0.9592557498492549,0.03165009406637816,0.9774859287054409,0.0011293508021241797,9.672610926938706e-05,0.00030328750362920676,0.010642556095421038,0.0,0.0038240917782026767,1.0
2018-02-14 02:11:00,0.00323394855144498,0.9509498853586635,0.9558962873632527,0.031929083134575036,0.975609756097561,0.0011389092533953178,9.743318772809591e-05,0.0003031772557055642,0.010628849114899698,0.0,0.0019193857965451055,1.0
2018-02-14 02:11:30,0.005005269066710919,0.9727317392728463,0.9738134206219313,0.03191404329262372,0.9906191369606004,0.0011333942040635415,0.00010002455635121902,0.002155911562404059,0.010429245165306928,0.0,0.0148975791433892,1.0
2018-02-14 02:12:00,0.003259740919461359,0.9446446118571896,0.9422000172280128,0.031065044214472034,0.9624765478424016,0.0011263206623489297,9.569366403944559e-05,0.00030346221146545176,0.010723769887493175,0.0,0.0,1.0
2018-02-14 02:12:30,0.003274047607305359,0.9527513920733703,0.9505556034111465,0.03167140050914252,0.975609756097561,0.0011152873473195752,9.6015537703016e-05,0.00030638578323659353,0.010839624570997523,0.0,0.0038314176245210726,1.0
2018-02-14 02:13:00,0.0031473909195268023,0.9557811988208319,0.9609785511241279,0.03179272190088312,0.9831144465290808,0.001140810265595159,0.00010325074788502336,0.00029600809640319527,0.010429440610334578,0.0,0.013182674199623353,1.0
2018-02-14 02:13:30,0.0032493526770475153,0.9417785784474287,0.9459901800327333,0.03169797089658984,0.9681050656660413,0.0011349954839260487,9.599784490467472e-05,0.00030511879852759653,0.010718656901618528,0.0,0.0019342359767891683,1.0
2018-02-14 02:14:00,0.0032192093143781518,0.9603668522764494,0.9585666293393057,0.031712760074508635,0.9812382739212008,0.0011510025881237265,9.762145656338255e-05,0.0003004598487038328,0.010628525724485655,0.0,0.0019083969465648854,1.0
2018-02-14 02:14:30,0.0051634833265553634,0.9548804454634785,0.9515031441123267,0.03176113823278536,0.975609756097561,0.0011260814393643747,0.000100042762990029,0.0022189737417323777,0.010728763995035997,0.0,0.0019157088122605363,1.0
2018-02-14 02:15:00,0.0031075453286491836,0.9790370127743203,0.983891808079938,0.03236949983971602,1.0,0.0011646627176056983,0.00010493124036080087,0.00029002675761011964,0.010226734453865507,0.0,0.014787430683918669,1.0
2018-02-14 02:15:30,0.0032069578520079935,0.9561906321650835,0.9542596261521233,0.03163232825307317,0.9751021686865736,0.0011384915522732219,9.799884748375972e-05,0.0002988669441570436,0.010611779807647503,0.0,0.0038314176245210726,1.0
2018-02-14 02:16:00,0.0032533852891437278,0.9526695054045201,0.9551210267895599,0.031696090916345926,0.973590670529306,0.0011295643866450589,9.557168209214794e-05,0.0003045753554596548,0.010698412252989505,0.0,0.0,1.0
2018-02-14 02:16:30,0.0033025469781963294,0.9544710121192269,0.9521061245585322,0.03143380233931582,0.9751021686865736,0.0011159297479157162,9.619783718670147e-05,0.00043427324128172116,0.01093620262874143,0.0,0.0057251908396946565,1.0
2018-02-14 02:17:00,0.0031966761425705923,0.9534883720930232,0.9593418899129985,0.03143828295889715,0.975609756097561,0.0011393467131570745,9.84887929397169e-05,0.00029900923432931765,0.010473038744122575,0.0,0.0038314176245210726,1.0
2018-02-14 02:17:30,0.003265522085234191,0.9532427120864723,0.9565854078732019,0.03144934350933218,0.9750796405351845,0.001118273097749547,9.569668765597905e-05,0.0003054171780117718,0.010726510128026785,0.0,0.0019193857965451055,1.0
2018-02-14 02:18:00,0.0032619841234980303,0.9353095316082541,0.9377207339133431,0.03087833084324728,0.9563291785320798,0.0011200952764955732,9.563460474393247e-05,0.0003048969652557953,0.01072259898966895,0.0,0.0019569471624266144,1.0
2018-02-14 02:18:30,0.0,0.0,0.0,0.0,0.0,0.0,0.0,0.0,0.0,0.0,0.0,0.0
2018-02-14 02:19:00,0.0,0.0,0.0,0.0,0.0,0.0,0.0,0.0,0.0,0.0,0.0,0.0
2018-02-14 02:19:30,0.0,0.0,0.0,0.0,0.0,0.0,0.0,0.0,0.0,0.0,0.0,0.0
2018-02-14 02:20:00,0.0,0.0,0.0,0.0,0.0,0.0,0.0,0.0,0.0,0.0,0.0,0.0
2018-02-14 02:20:30,0.0,0.0,0.0,0.0,0.0,0.0,0.0,0.0,0.0,0.0,0.0,0.0
2018-02-14 02:21:00,0.0,0.0,0.0,0.0,0.0,0.0,0.0,0.0,0.0,0.0,0.0,0.0
2018-02-14 02:21:30,0.0,0.0,0.0,0.0,0.0,0.0,0.0,0.0,0.0,0.0,0.0,0.0
2018-02-14 02:22:00,0.0,0.0,0.0,0.0,0.0,0.0,0.0,0.0,0.0,0.0,0.0,0.0
2018-02-14 02:22:30,0.0,0.0,0.0,0.0,0.0,0.0,0.0,0.0,0.0,0.0,0.0,0.0
2018-02-14 02:23:00,0.0,0.0,0.0,0.0,0.0,0.0,0.0,0.0,0.0,0.0,0.0,0.0
2018-02-14 02:23:30,0.0,0.0,0.0,0.0,0.0,0.0,0.0,0.0,0.0,0.0,0.0,0.0
2018-02-14 02:24:00,0.0,0.0,0.0,0.0,0.0,0.0,0.0,0.0,0.0,0.0,0.0,0.0
2018-02-14 02:24:30,0.0,0.0,0.0,0.0,0.0,0.0,0.0,0.0,0.0,0.0,0.0,0.0
2018-02-14 02:25:00,0.0,0.0,0.0,0.0,0.0,0.0,0.0,0.0,0.0,0.0,0.0,0.0
2018-02-14 02:25:30,0.0,0.0,0.0,0.0,0.0,0.0,0.0,0.0,0.0,0.0,0.0,0.0
2018-02-14 02:26:00,0.0,0.0,0.0,0.0,0.0,0.0,0.0,0.0,0.0,0.0,0.0,0.0
2018-02-14 02:26:30,0.0,0.0,0.0,0.0,0.0,0.0,0.0,0.0,0.0,0.0,0.0,0.0
2018-02-14 02:27:00,0.0,0.0,0.0,0.0,0.0,0.0,0.0,0.0,0.0,0.0,0.0,0.0
2018-02-14 02:27:30,0.0,0.0,0.0,0.0,0.0,0.0,0.0,0.0,0.0,0.0,0.0,0.0
2018-02-14 02:28:00,0.0,0.0,0.0,0.0,0.0,0.0,0.0,0.0,0.0,0.0,0.0,0.0
2018-02-14 02:28:30,0.0,0.0,0.0,0.0,0.0,0.0,0.0,0.0,0.0,0.0,0.0,0.0
2018-02-14 02:29:00,0.0,0.0,0.0,0.0,0.0,0.0,0.0,0.0,0.0,0.0,0.0,0.0
2018-02-14 02:29:30,0.0,0.0,0.0,0.0,0.0,0.0,0.0,0.0,0.0,0.0,0.0,0.0
2018-02-14 02:30:00,0.0,0.0,0.0,0.0,0.0,0.0,0.0,0.0,0.0,0.0,0.0,0.0
2018-02-14 02:30:30,0.0,0.0,0.0,0.0,0.0,0.0,0.0,0.0,0.0,0.0,0.0,0.0
2018-02-14 02:31:00,0.0,0.0,0.0,0.0,0.0,0.0,0.0,0.0,0.0,0.0,0.0,0.0
2018-02-14 02:31:30,0.0,0.0,0.0,0.0,0.0,0.0,0.0,0.0,0.0,0.0,0.0,0.0
2018-02-14 02:32:00,0.0,0.0,0.0,0.0,0.0,0.0,0.0,0.0,0.0,0.0,0.0,0.0
2018-02-14 02:32:30,0.0,0.0,0.0,0.0,0.0,0.0,0.0,0.0,0.0,0.0,0.0,0.0
2018-02-14 02:33:00,0.0,0.0,0.0,0.0,0.0,0.0,0.0,0.0,0.0,0.0,0.0,0.0
2018-02-14 02:33:30,0.0,0.0,0.0,0.0,0.0,0.0,0.0,0.0,0.0,0.0,0.0,0.0
2018-02-14 02:34:00,0.0,0.0,0.0,0.0,0.0,0.0,0.0,0.0,0.0,0.0,0.0,0.0
2018-02-14 02:34:30,0.0,0.0,0.0,0.0,0.0,0.0,0.0,0.0,0.0,0.0,0.0,0.0
2018-02-14 02:35:00,0.0,0.0,0.0,0.0,0.0,0.0,0.0,0.0,0.0,0.0,0.0,0.0
2018-02-14 02:35:30,0.0,0.0,0.0,0.0,0.0,0.0,0.0,0.0,0.0,0.0,0.0,0.0
2018-02-14 02:36:00,0.0,0.0,0.0,0.0,0.0,0.0,0.0,0.0,0.0,0.0,0.0,0.0
2018-02-14 02:36:30,0.0,0.0,0.0,0.0,0.0,0.0,0.0,0.0,0.0,0.0,0.0,0.0
2018-02-14 02:37:00,0.0,0.0,0.0,0.0,0.0,0.0,0.0,0.0,0.0,0.0,0.0,0.0
2018-02-14 02:37:30,0.0,0.0,0.0,0.0,0.0,0.0,0.0,0.0,0.0,0.0,0.0,0.0
2018-02-14 02:38:00,0.0,0.0,0.0,0.0,0.0,0.0,0.0,0.0,0.0,0.0,0.0,0.0
2018-02-14 02:38:30,0.0,0.0,0.0,0.0,0.0,0.0,0.0,0.0,0.0,0.0,0.0,0.0
2018-02-14 02:39:00,0.0,0.0,0.0,0.0,0.0,0.0,0.0,0.0,0.0,0.0,0.0,0.0
2018-02-14 02:39:30,0.0,0.0,0.0,0.0,0.0,0.0,0.0,0.0,0.0,0.0,0.0,0.0
2018-02-14 02:40:00,0.0,0.0,0.0,0.0,0.0,0.0,0.0,0.0,0.0,0.0,0.0,0.0
2018-02-14 02:40:30,0.0,0.0,0.0,0.0,0.0,0.0,0.0,0.0,0.0,0.0,0.0,0.0
2018-02-14 02:41:00,0.0,0.0,0.0,0.0,0.0,0.0,0.0,0.0,0.0,0.0,0.0,0.0
2018-02-14 02:41:30,0.0,0.0,0.0,0.0,0.0,0.0,0.0,0.0,0.0,0.0,0.0,0.0
2018-02-14 02:42:00,0.0,0.0,0.0,0.0,0.0,0.0,0.0,0.0,0.0,0.0,0.0,0.0
2018-02-14 02:42:30,0.0,0.0,0.0,0.0,0.0,0.0,0.0,0.0,0.0,0.0,0.0,0.0
2018-02-14 02:43:00,0.0,0.0,0.0,0.0,0.0,0.0,0.0,0.0,0.0,0.0,0.0,0.0
2018-02-14 02:43:30,0.0,0.0,0.0,0.0,0.0,0.0,0.0,0.0,0.0,0.0,0.0,0.0
2018-02-14 02:44:00,0.0,0.0,0.0,0.0,0.0,0.0,0.0,0.0,0.0,0.0,0.0,0.0
2018-02-14 02:44:30,0.0,0.0,0.0,0.0,0.0,0.0,0.0,0.0,0.0,0.0,0.0,0.0
2018-02-14 02:45:00,0.0,0.0,0.0,0.0,0.0,0.0,0.0,0.0,0.0,0.0,0.0,0.0
2018-02-14 02:45:30,0.0,0.0,0.0,0.0,0.0,0.0,0.0,0.0,0.0,0.0,0.0,0.0
2018-02-14 02:46:00,0.0,0.0,0.0,0.0,0.0,0.0,0.0,0.0,0.0,0.0,0.0,0.0
2018-02-14 02:46:30,0.0,0.0,0.0,0.0,0.0,0.0,0.0,0.0,0.0,0.0,0.0,0.0
2018-02-14 02:47:00,0.0,0.0,0.0,0.0,0.0,0.0,0.0,0.0,0.0,0.0,0.0,0.0
2018-02-14 02:47:30,0.0,0.0,0.0,0.0,0.0,0.0,0.0,0.0,0.0,0.0,0.0,0.0
2018-02-14 02:48:00,0.0,0.0,0.0,0.0,0.0,0.0,0.0,0.0,0.0,0.0,0.0,0.0
2018-02-14 02:48:30,0.0,0.0,0.0,0.0,0.0,0.0,0.0,0.0,0.0,0.0,0.0,0.0
2018-02-14 02:49:00,0.0,0.0,0.0,0.0,0.0,0.0,0.0,0.0,0.0,0.0,0.0,0.0
2018-02-14 02:49:30,0.0,0.0,0.0,0.0,0.0,0.0,0.0,0.0,0.0,0.0,0.0,0.0
2018-02-14 02:50:00,0.0,0.0,0.0,0.0,0.0,0.0,0.0,0.0,0.0,0.0,0.0,0.0
2018-02-14 02:50:30,0.0,0.0,0.0,0.0,0.0,0.0,0.0,0.0,0.0,0.0,0.0,0.0
2018-02-14 02:51:00,0.0,0.0,0.0,0.0,0.0,0.0,0.0,0.0,0.0,0.0,0.0,0.0
2018-02-14 02:51:30,0.0,0.0,0.0,0.0,0.0,0.0,0.0,0.0,0.0,0.0,0.0,0.0
2018-02-14 02:52:00,0.0,0.0,0.0,0.0,0.0,0.0,0.0,0.0,0.0,0.0,0.0,0.0
2018-02-14 02:52:30,0.0,0.0,0.0,0.0,0.0,0.0,0.0,0.0,0.0,0.0,0.0,0.0
2018-02-14 02:53:00,0.0,0.0,0.0,0.0,0.0,0.0,0.0,0.0,0.0,0.0,0.0,0.0
2018-02-14 02:53:30,0.0,0.0,0.0,0.0,0.0,0.0,0.0,0.0,0.0,0.0,0.0,0.0
2018-02-14 02:54:00,0.0,0.0,0.0,0.0,0.0,0.0,0.0,0.0,0.0,0.0,0.0,0.0
2018-02-14 02:54:30,0.0,0.0,0.0,0.0,0.0,0.0,0.0,0.0,0.0,0.0,0.0,0.0
2018-02-14 02:55:00,0.0,0.0,0.0,0.0,0.0,0.0,0.0,0.0,0.0,0.0,0.0,0.0
2018-02-14 02:55:30,0.0,0.0,0.0,0.0,0.0,0.0,0.0,0.0,0.0,0.0,0.0,0.0
2018-02-14 02:56:00,0.0,0.0,0.0,0.0,0.0,0.0,0.0,0.0,0.0,0.0,0.0,0.0
2018-02-14 02:56:30,0.0,0.0,0.0,0.0,0.0,0.0,0.0,0.0,0.0,0.0,0.0,0.0
2018-02-14 02:57:00,0.0,0.0,0.0,0.0,0.0,0.0,0.0,0.0,0.0,0.0,0.0,0.0
2018-02-14 02:57:30,0.0,0.0,0.0,0.0,0.0,0.0,0.0,0.0,0.0,0.0,0.0,0.0
2018-02-14 02:58:00,0.0,0.0,0.0,0.0,0.0,0.0,0.0,0.0,0.0,0.0,0.0,0.0
2018-02-14 02:58:30,0.0,0.0,0.0,0.0,0.0,0.0,0.0,0.0,0.0,0.0,0.0,0.0
2018-02-14 02:59:00,0.0,0.0,0.0,0.0,0.0,0.0,0.0,0.0,0.0,0.0,0.0,0.0
2018-02-14 02:59:30,0.0,0.0,0.0,0.0,0.0,0.0,0.0,0.0,0.0,0.0,0.0,0.0
2018-02-14 03:00:00,0.0,0.0,0.0,0.0,0.0,0.0,0.0,0.0,0.0,0.0,0.0,0.0
2018-02-14 03:00:30,0.0,0.0,0.0,0.0,0.0,0.0,0.0,0.0,0.0,0.0,0.0,0.0
2018-02-14 03:01:00,0.0,0.0,0.0,0.0,0.0,0.0,0.0,0.0,0.0,0.0,0.0,0.0
2018-02-14 03:01:30,0.0,0.0,0.0,0.0,0.0,0.0,0.0,0.0,0.0,0.0,0.0,0.0
2018-02-14 03:02:00,0.0,0.0,0.0,0.0,0.0,0.0,0.0,0.0,0.0,0.0,0.0,0.0
2018-02-14 03:02:30,0.0,0.0,0.0,0.0,0.0,0.0,0.0,0.0,0.0,0.0,0.0,0.0
2018-02-14 03:03:00,0.0,0.0,0.0,0.0,0.0,0.0,0.0,0.0,0.0,0.0,0.0,0.0
2018-02-14 03:03:30,0.0,0.0,0.0,0.0,0.0,0.0,0.0,0.0,0.0,0.0,0.0,0.0
2018-02-14 03:04:00,0.0,0.0,0.0,0.0,0.0,0.0,0.0,0.0,0.0,0.0,0.0,0.0
2018-02-14 03:04:30,0.0,0.0,0.0,0.0,0.0,0.0,0.0,0.0,0.0,0.0,0.0,0.0
2018-02-14 03:05:00,0.0,0.0,0.0,0.0,0.0,0.0,0.0,0.0,0.0,0.0,0.0,0.0
2018-02-14 03:05:30,0.0,0.0,0.0,0.0,0.0,0.0,0.0,0.0,0.0,0.0,0.0,0.0
2018-02-14 03:06:00,0.0,0.0,0.0,0.0,0.0,0.0,0.0,0.0,0.0,0.0,0.0,0.0
2018-02-14 03:06:30,0.0,0.0,0.0,0.0,0.0,0.0,0.0,0.0,0.0,0.0,0.0,0.0
2018-02-14 03:07:00,0.0,0.0,0.0,0.0,0.0,0.0,0.0,0.0,0.0,0.0,0.0,0.0
2018-02-14 03:07:30,0.0,0.0,0.0,0.0,0.0,0.0,0.0,0.0,0.0,0.0,0.0,0.0
2018-02-14 03:08:00,0.0,0.0,0.0,0.0,0.0,0.0,0.0,0.0,0.0,0.0,0.0,0.0
2018-02-14 03:08:30,0.0,0.0,0.0,0.0,0.0,0.0,0.0,0.0,0.0,0.0,0.0,0.0
2018-02-14 03:09:00,0.0,0.0,0.0,0.0,0.0,0.0,0.0,0.0,0.0,0.0,0.0,0.0
2018-02-14 03:09:30,0.0,0.0,0.0,0.0,0.0,0.0,0.0,0.0,0.0,0.0,0.0,0.0
2018-02-14 03:10:00,0.0,0.0,0.0,0.0,0.0,0.0,0.0,0.0,0.0,0.0,0.0,0.0
2018-02-14 03:10:30,0.0,0.0,0.0,0.0,0.0,0.0,0.0,0.0,0.0,0.0,0.0,0.0
2018-02-14 03:11:00,0.0,0.0,0.0,0.0,0.0,0.0,0.0,0.0,0.0,0.0,0.0,0.0
2018-02-14 03:11:30,0.0,0.0,0.0,0.0,0.0,0.0,0.0,0.0,0.0,0.0,0.0,0.0
2018-02-14 03:12:00,0.0,0.0,0.0,0.0,0.0,0.0,0.0,0.0,0.0,0.0,0.0,0.0
2018-02-14 03:12:30,0.0,0.0,0.0,0.0,0.0,0.0,0.0,0.0,0.0,0.0,0.0,0.0
2018-02-14 03:13:00,0.0,0.0,0.0,0.0,0.0,0.0,0.0,0.0,0.0,0.0,0.0,0.0
2018-02-14 03:13:30,0.0,0.0,0.0,0.0,0.0,0.0,0.0,0.0,0.0,0.0,0.0,0.0
2018-02-14 03:14:00,0.0,0.0,0.0,0.0,0.0,0.0,0.0,0.0,0.0,0.0,0.0,0.0
2018-02-14 03:14:30,0.0,0.0,0.0,0.0,0.0,0.0,0.0,0.0,0.0,0.0,0.0,0.0
2018-02-14 03:15:00,0.0,0.0,0.0,0.0,0.0,0.0,0.0,0.0,0.0,0.0,0.0,0.0
2018-02-14 03:15:30,0.0,0.0,0.0,0.0,0.0,0.0,0.0,0.0,0.0,0.0,0.0,0.0
2018-02-14 03:16:00,0.0,0.0,0.0,0.0,0.0,0.0,0.0,0.0,0.0,0.0,0.0,0.0
2018-02-14 03:16:30,0.0,0.0,0.0,0.0,0.0,0.0,0.0,0.0,0.0,0.0,0.0,0.0
2018-02-14 03:17:00,0.0,0.0,0.0,0.0,0.0,0.0,0.0,0.0,0.0,0.0,0.0,0.0
2018-02-14 03:17:30,0.0,0.0,0.0,0.0,0.0,0.0,0.0,0.0,0.0,0.0,0.0,0.0
2018-02-14 03:18:00,0.0,0.0,0.0,0.0,0.0,0.0,0.0,0.0,0.0,0.0,0.0,0.0
2018-02-14 03:18:30,0.0,0.0,0.0,0.0,0.0,0.0,0.0,0.0,0.0,0.0,0.0,0.0
2018-02-14 03:19:00,0.0,0.0,0.0,0.0,0.0,0.0,0.0,0.0,0.0,0.0,0.0,0.0
2018-02-14 03:19:30,0.0,0.0,0.0,0.0,0.0,0.0,0.0,0.0,0.0,0.0,0.0,0.0
2018-02-14 03:20:00,0.0,0.0,0.0,0.0,0.0,0.0,0.0,0.0,0.0,0.0,0.0,0.0
2018-02-14 03:20:30,0.0,0.0,0.0,0.0,0.0,0.0,0.0,0.0,0.0,0.0,0.0,0.0
2018-02-14 03:21:00,0.0,0.0,0.0,0.0,0.0,0.0,0.0,0.0,0.0,0.0,0.0,0.0
2018-02-14 03:21:30,0.0,0.0,0.0,0.0,0.0,0.0,0.0,0.0,0.0,0.0,0.0,0.0
2018-02-14 03:22:00,0.0,0.0,0.0,0.0,0.0,0.0,0.0,0.0,0.0,0.0,0.0,0.0
2018-02-14 03:22:30,0.0,0.0,0.0,0.0,0.0,0.0,0.0,0.0,0.0,0.0,0.0,0.0
2018-02-14 03:23:00,0.0,0.0,0.0,0.0,0.0,0.0,0.0,0.0,0.0,0.0,0.0,0.0
2018-02-14 03:23:30,0.0,0.0,0.0,0.0,0.0,0.0,0.0,0.0,0.0,0.0,0.0,0.0
2018-02-14 03:24:00,0.0,0.0,0.0,0.0,0.0,0.0,0.0,0.0,0.0,0.0,0.0,0.0
2018-02-14 03:24:30,0.0,0.0,0.0,0.0,0.0,0.0,0.0,0.0,0.0,0.0,0.0,0.0
2018-02-14 03:25:00,0.0,0.0,0.0,0.0,0.0,0.0,0.0,0.0,0.0,0.0,0.0,0.0
2018-02-14 03:25:30,0.0,0.0,0.0,0.0,0.0,0.0,0.0,0.0,0.0,0.0,0.0,0.0
2018-02-14 03:26:00,0.0,0.0,0.0,0.0,0.0,0.0,0.0,0.0,0.0,0.0,0.0,0.0
2018-02-14 03:26:30,0.0,0.0,0.0,0.0,0.0,0.0,0.0,0.0,0.0,0.0,0.0,0.0
2018-02-14 03:27:00,0.0,0.0,0.0,0.0,0.0,0.0,0.0,0.0,0.0,0.0,0.0,0.0
2018-02-14 03:27:30,0.0,0.0,0.0,0.0,0.0,0.0,0.0,0.0,0.0,0.0,0.0,0.0
2018-02-14 03:28:00,0.0,0.0,0.0,0.0,0.0,0.0,0.0,0.0,0.0,0.0,0.0,0.0
2018-02-14 03:28:30,0.0,0.0,0.0,0.0,0.0,0.0,0.0,0.0,0.0,0.0,0.0,0.0
2018-02-14 03:29:00,0.0,0.0,0.0,0.0,0.0,0.0,0.0,0.0,0.0,0.0,0.0,0.0
2018-02-14 03:29:30,0.0,0.0,0.0,0.0,0.0,0.0,0.0,0.0,0.0,0.0,0.0,0.0
2018-02-14 03:30:00,0.0,0.0,0.0,0.0,0.0,0.0,0.0,0.0,0.0,0.0,0.0,0.0
2018-02-14 03:30:30,0.0,0.0,0.0,0.0,0.0,0.0,0.0,0.0,0.0,0.0,0.0,0.0
2018-02-14 03:31:00,0.0,0.0,0.0,0.0,0.0,0.0,0.0,0.0,0.0,0.0,0.0,0.0
2018-02-14 03:31:30,0.0,0.0,0.0,0.0,0.0,0.0,0.0,0.0,0.0,0.0,0.0,0.0
2018-02-14 03:32:00,0.0,0.0,0.0,0.0,0.0,0.0,0.0,0.0,0.0,0.0,0.0,0.0
2018-02-14 03:32:30,0.0,0.0,0.0,0.0,0.0,0.0,0.0,0.0,0.0,0.0,0.0,0.0
2018-02-14 03:33:00,0.0,0.0,0.0,0.0,0.0,0.0,0.0,0.0,0.0,0.0,0.0,0.0
2018-02-14 03:33:30,0.0,0.0,0.0,0.0,0.0,0.0,0.0,0.0,0.0,0.0,0.0,0.0
2018-02-14 03:34:00,0.0,0.0,0.0,0.0,0.0,0.0,0.0,0.0,0.0,0.0,0.0,0.0
2018-02-14 03:34:30,0.0,0.0,0.0,0.0,0.0,0.0,0.0,0.0,0.0,0.0,0.0,0.0
2018-02-14 03:35:00,0.0,0.0,0.0,0.0,0.0,0.0,0.0,0.0,0.0,0.0,0.0,0.0
2018-02-14 03:35:30,0.0,0.0,0.0,0.0,0.0,0.0,0.0,0.0,0.0,0.0,0.0,0.0
2018-02-14 03:36:00,0.0,0.0,0.0,0.0,0.0,0.0,0.0,0.0,0.0,0.0,0.0,0.0
2018-02-14 03:36:30,0.0,0.0,0.0,0.0,0.0,0.0,0.0,0.0,0.0,0.0,0.0,0.0
2018-02-14 03:37:00,0.0,0.0,0.0,0.0,0.0,0.0,0.0,0.0,0.0,0.0,0.0,0.0
2018-02-14 03:37:30,0.0,0.0,0.0,0.0,0.0,0.0,0.0,0.0,0.0,0.0,0.0,0.0
2018-02-14 03:38:00,0.0,0.0,0.0,0.0,0.0,0.0,0.0,0.0,0.0,0.0,0.0,0.0
2018-02-14 03:38:30,0.0,0.0,0.0,0.0,0.0,0.0,0.0,0.0,0.0,0.0,0.0,0.0
2018-02-14 03:39:00,0.0,0.0,0.0,0.0,0.0,0.0,0.0,0.0,0.0,0.0,0.0,0.0
2018-02-14 03:39:30,0.0,0.0,0.0,0.0,0.0,0.0,0.0,0.0,0.0,0.0,0.0,0.0
2018-02-14 03:40:00,0.0,0.0,0.0,0.0,0.0,0.0,0.0,0.0,0.0,0.0,0.0,0.0
2018-02-14 03:40:30,0.0,0.0,0.0,0.0,0.0,0.0,0.0,0.0,0.0,0.0,0.0,0.0
2018-02-14 03:41:00,0.0,0.0,0.0,0.0,0.0,0.0,0.0,0.0,0.0,0.0,0.0,0.0
2018-02-14 03:41:30,0.0,0.0,0.0,0.0,0.0,0.0,0.0,0.0,0.0,0.0,0.0,0.0
2018-02-14 03:42:00,0.0,0.0,0.0,0.0,0.0,0.0,0.0,0.0,0.0,0.0,0.0,0.0
2018-02-14 03:42:30,0.0,0.0,0.0,0.0,0.0,0.0,0.0,0.0,0.0,0.0,0.0,0.0
2018-02-14 03:43:00,0.0,0.0,0.0,0.0,0.0,0.0,0.0,0.0,0.0,0.0,0.0,0.0
2018-02-14 03:43:30,0.0,0.0,0.0,0.0,0.0,0.0,0.0,0.0,0.0,0.0,0.0,0.0
2018-02-14 03:44:00,0.0,0.0,0.0,0.0,0.0,0.0,0.0,0.0,0.0,0.0,0.0,0.0
2018-02-14 03:44:30,0.0,0.0,0.0,0.0,0.0,0.0,0.0,0.0,0.0,0.0,0.0,0.0
2018-02-14 03:45:00,0.0,0.0,0.0,0.0,0.0,0.0,0.0,0.0,0.0,0.0,0.0,0.0
2018-02-14 03:45:30,0.0,0.0,0.0,0.0,0.0,0.0,0.0,0.0,0.0,0.0,0.0,0.0
2018-02-14 03:46:00,0.0,0.0,0.0,0.0,0.0,0.0,0.0,0.0,0.0,0.0,0.0,0.0
2018-02-14 03:46:30,0.0,0.0,0.0,0.0,0.0,0.0,0.0,0.0,0.0,0.0,0.0,0.0
2018-02-14 03:47:00,0.0,0.0,0.0,0.0,0.0,0.0,0.0,0.0,0.0,0.0,0.0,0.0
2018-02-14 03:47:30,0.0,0.0,0.0,0.0,0.0,0.0,0.0,0.0,0.0,0.0,0.0,0.0
2018-02-14 03:48:00,0.0,0.0,0.0,0.0,0.0,0.0,0.0,0.0,0.0,0.0,0.0,0.0
2018-02-14 03:48:30,0.0,0.0,0.0,0.0,0.0,0.0,0.0,0.0,0.0,0.0,0.0,0.0
2018-02-14 03:49:00,0.0,0.0,0.0,0.0,0.0,0.0,0.0,0.0,0.0,0.0,0.0,0.0
2018-02-14 03:49:30,0.0,0.0,0.0,0.0,0.0,0.0,0.0,0.0,0.0,0.0,0.0,0.0
2018-02-14 03:50:00,0.0,0.0,0.0,0.0,0.0,0.0,0.0,0.0,0.0,0.0,0.0,0.0
2018-02-14 03:50:30,0.0,0.0,0.0,0.0,0.0,0.0,0.0,0.0,0.0,0.0,0.0,0.0
2018-02-14 03:51:00,0.0,0.0,0.0,0.0,0.0,0.0,0.0,0.0,0.0,0.0,0.0,0.0
2018-02-14 03:51:30,0.0,0.0,0.0,0.0,0.0,0.0,0.0,0.0,0.0,0.0,0.0,0.0
2018-02-14 03:52:00,0.0,0.0,0.0,0.0,0.0,0.0,0.0,0.0,0.0,0.0,0.0,0.0
2018-02-14 03:52:30,0.0,0.0,0.0,0.0,0.0,0.0,0.0,0.0,0.0,0.0,0.0,0.0
2018-02-14 03:53:00,0.0,0.0,0.0,0.0,0.0,0.0,0.0,0.0,0.0,0.0,0.0,0.0
2018-02-14 03:53:30,0.0,0.0,0.0,0.0,0.0,0.0,0.0,0.0,0.0,0.0,0.0,0.0
2018-02-14 03:54:00,0.0,0.0,0.0,0.0,0.0,0.0,0.0,0.0,0.0,0.0,0.0,0.0
2018-02-14 03:54:30,0.0,0.0,0.0,0.0,0.0,0.0,0.0,0.0,0.0,0.0,0.0,0.0
2018-02-14 03:55:00,0.0,0.0,0.0,0.0,0.0,0.0,0.0,0.0,0.0,0.0,0.0,0.0
2018-02-14 03:55:30,0.0,0.0,0.0,0.0,0.0,0.0,0.0,0.0,0.0,0.0,0.0,0.0
2018-02-14 03:56:00,0.0,0.0,0.0,0.0,0.0,0.0,0.0,0.0,0.0,0.0,0.0,0.0
2018-02-14 03:56:30,0.0,0.0,0.0,0.0,0.0,0.0,0.0,0.0,0.0,0.0,0.0,0.0
2018-02-14 03:57:00,0.0,0.0,0.0,0.0,0.0,0.0,0.0,0.0,0.0,0.0,0.0,0.0
2018-02-14 03:57:30,0.0,0.0,0.0,0.0,0.0,0.0,0.0,0.0,0.0,0.0,0.0,0.0
2018-02-14 03:58:00,0.0,0.0,0.0,0.0,0.0,0.0,0.0,0.0,0.0,0.0,0.0,0.0
2018-02-14 03:58:30,0.0,0.0,0.0,0.0,0.0,0.0,0.0,0.0,0.0,0.0,0.0,0.0
2018-02-14 03:59:00,0.0,0.0,0.0,0.0,0.0,0.0,0.0,0.0,0.0,0.0,0.0,0.0
2018-02-14 03:59:30,0.0,0.0,0.0,0.0,0.0,0.0,0.0,0.0,0.0,0.0,0.0,0.0
2018-02-14 04:00:00,0.0,0.0,0.0,0.0,0.0,0.0,0.0,0.0,0.0,0.0,0.0,0.0
2018-02-14 04:00:30,0.0,0.0,0.0,0.0,0.0,0.0,0.0,0.0,0.0,0.0,0.0,0.0
2018-02-14 04:01:00,0.0,0.0,0.0,0.0,0.0,0.0,0.0,0.0,0.0,0.0,0.0,0.0
2018-02-14 04:01:30,0.0,0.0,0.0,0.0,0.0,0.0,0.0,0.0,0.0,0.0,0.0,0.0
2018-02-14 04:02:00,0.0,0.0,0.0,0.0,0.0,0.0,0.0,0.0,0.0,0.0,0.0,0.0
2018-02-14 04:02:30,0.0,0.0,0.0,0.0,0.0,0.0,0.0,0.0,0.0,0.0,0.0,0.0
2018-02-14 04:03:00,0.0,0.0,0.0,0.0,0.0,0.0,0.0,0.0,0.0,0.0,0.0,0.0
2018-02-14 04:03:30,0.0,0.0,0.0,0.0,0.0,0.0,0.0,0.0,0.0,0.0,0.0,0.0
2018-02-14 04:04:00,0.0,0.0,0.0,0.0,0.0,0.0,0.0,0.0,0.0,0.0,0.0,0.0
2018-02-14 04:04:30,0.0,0.0,0.0,0.0,0.0,0.0,0.0,0.0,0.0,0.0,0.0,0.0
2018-02-14 04:05:00,0.0,0.0,0.0,0.0,0.0,0.0,0.0,0.0,0.0,0.0,0.0,0.0
2018-02-14 04:05:30,0.0,0.0,0.0,0.0,0.0,0.0,0.0,0.0,0.0,0.0,0.0,0.0
2018-02-14 04:06:00,0.0,0.0,0.0,0.0,0.0,0.0,0.0,0.0,0.0,0.0,0.0,0.0
2018-02-14 04:06:30,0.0,0.0,0.0,0.0,0.0,0.0,0.0,0.0,0.0,0.0,0.0,0.0
2018-02-14 04:07:00,0.0,0.0,0.0,0.0,0.0,0.0,0.0,0.0,0.0,0.0,0.0,0.0
2018-02-14 04:07:30,0.0,0.0,0.0,0.0,0.0,0.0,0.0,0.0,0.0,0.0,0.0,0.0
2018-02-14 04:08:00,0.0,0.0,0.0,0.0,0.0,0.0,0.0,0.0,0.0,0.0,0.0,0.0
2018-02-14 04:08:30,0.0,0.0,0.0,0.0,0.0,0.0,0.0,0.0,0.0,0.0,0.0,0.0
2018-02-14 04:09:00,0.0,0.0,0.0,0.0,0.0,0.0,0.0,0.0,0.0,0.0,0.0,0.0
2018-02-14 04:09:30,0.0,0.0,0.0,0.0,0.0,0.0,0.0,0.0,0.0,0.0,0.0,0.0
2018-02-14 04:10:00,0.0,0.0,0.0,0.0,0.0,0.0,0.0,0.0,0.0,0.0,0.0,0.0
2018-02-14 04:10:30,0.0,0.0,0.0,0.0,0.0,0.0,0.0,0.0,0.0,0.0,0.0,0.0
2018-02-14 04:11:00,0.0,0.0,0.0,0.0,0.0,0.0,0.0,0.0,0.0,0.0,0.0,0.0
2018-02-14 04:11:30,0.0,0.0,0.0,0.0,0.0,0.0,0.0,0.0,0.0,0.0,0.0,0.0
2018-02-14 04:12:00,0.0,0.0,0.0,0.0,0.0,0.0,0.0,0.0,0.0,0.0,0.0,0.0
2018-02-14 04:12:30,0.0,0.0,0.0,0.0,0.0,0.0,0.0,0.0,0.0,0.0,0.0,0.0
2018-02-14 04:13:00,0.0,0.0,0.0,0.0,0.0,0.0,0.0,0.0,0.0,0.0,0.0,0.0
2018-02-14 04:13:30,0.0,0.0,0.0,0.0,0.0,0.0,0.0,0.0,0.0,0.0,0.0,0.0
2018-02-14 04:14:00,0.0,0.0,0.0,0.0,0.0,0.0,0.0,0.0,0.0,0.0,0.0,0.0
2018-02-14 04:14:30,0.0,0.0,0.0,0.0,0.0,0.0,0.0,0.0,0.0,0.0,0.0,0.0
2018-02-14 04:15:00,0.0,0.0,0.0,0.0,0.0,0.0,0.0,0.0,0.0,0.0,0.0,0.0
2018-02-14 04:15:30,0.0,0.0,0.0,0.0,0.0,0.0,0.0,0.0,0.0,0.0,0.0,0.0
2018-02-14 04:16:00,0.0,0.0,0.0,0.0,0.0,0.0,0.0,0.0,0.0,0.0,0.0,0.0
2018-02-14 04:16:30,0.0,0.0,0.0,0.0,0.0,0.0,0.0,0.0,0.0,0.0,0.0,0.0
2018-02-14 04:17:00,0.0,0.0,0.0,0.0,0.0,0.0,0.0,0.0,0.0,0.0,0.0,0.0
2018-02-14 04:17:30,0.0,0.0,0.0,0.0,0.0,0.0,0.0,0.0,0.0,0.0,0.0,0.0
2018-02-14 04:18:00,0.0,0.0,0.0,0.0,0.0,0.0,0.0,0.0,0.0,0.0,0.0,0.0
2018-02-14 04:18:30,0.0,0.0,0.0,0.0,0.0,0.0,0.0,0.0,0.0,0.0,0.0,0.0
2018-02-14 04:19:00,0.0,0.0,0.0,0.0,0.0,0.0,0.0,0.0,0.0,0.0,0.0,0.0
2018-02-14 04:19:30,0.0,0.0,0.0,0.0,0.0,0.0,0.0,0.0,0.0,0.0,0.0,0.0
2018-02-14 04:20:00,0.0,0.0,0.0,0.0,0.0,0.0,0.0,0.0,0.0,0.0,0.0,0.0
2018-02-14 04:20:30,0.0,0.0,0.0,0.0,0.0,0.0,0.0,0.0,0.0,0.0,0.0,0.0
2018-02-14 04:21:00,0.0,0.0,0.0,0.0,0.0,0.0,0.0,0.0,0.0,0.0,0.0,0.0
2018-02-14 04:21:30,0.0,0.0,0.0,0.0,0.0,0.0,0.0,0.0,0.0,0.0,0.0,0.0
2018-02-14 04:22:00,0.0,0.0,0.0,0.0,0.0,0.0,0.0,0.0,0.0,0.0,0.0,0.0
2018-02-14 04:22:30,0.0,0.0,0.0,0.0,0.0,0.0,0.0,0.0,0.0,0.0,0.0,0.0
2018-02-14 04:23:00,0.0,0.0,0.0,0.0,0.0,0.0,0.0,0.0,0.0,0.0,0.0,0.0
2018-02-14 04:23:30,0.0,0.0,0.0,0.0,0.0,0.0,0.0,0.0,0.0,0.0,0.0,0.0
2018-02-14 04:24:00,0.0,0.0,0.0,0.0,0.0,0.0,0.0,0.0,0.0,0.0,0.0,0.0
2018-02-14 04:24:30,0.0,0.0,0.0,0.0,0.0,0.0,0.0,0.0,0.0,0.0,0.0,0.0
2018-02-14 04:25:00,0.0,0.0,0.0,0.0,0.0,0.0,0.0,0.0,0.0,0.0,0.0,0.0
2018-02-14 04:25:30,0.0,0.0,0.0,0.0,0.0,0.0,0.0,0.0,0.0,0.0,0.0,0.0
2018-02-14 04:26:00,0.0,0.0,0.0,0.0,0.0,0.0,0.0,0.0,0.0,0.0,0.0,0.0
2018-02-14 04:26:30,0.0,0.0,0.0,0.0,0.0,0.0,0.0,0.0,0.0,0.0,0.0,0.0
2018-02-14 04:27:00,0.0,0.0,0.0,0.0,0.0,0.0,0.0,0.0,0.0,0.0,0.0,0.0
2018-02-14 04:27:30,0.0,0.0,0.0,0.0,0.0,0.0,0.0,0.0,0.0,0.0,0.0,0.0
2018-02-14 04:28:00,0.0,0.0,0.0,0.0,0.0,0.0,0.0,0.0,0.0,0.0,0.0,0.0
2018-02-14 04:28:30,0.0,0.0,0.0,0.0,0.0,0.0,0.0,0.0,0.0,0.0,0.0,0.0
2018-02-14 04:29:00,0.0,0.0,0.0,0.0,0.0,0.0,0.0,0.0,0.0,0.0,0.0,0.0
2018-02-14 04:29:30,0.0,0.0,0.0,0.0,0.0,0.0,0.0,0.0,0.0,0.0,0.0,0.0
2018-02-14 04:30:00,0.0,0.0,0.0,0.0,0.0,0.0,0.0,0.0,0.0,0.0,0.0,0.0
2018-02-14 04:30:30,0.0,0.0,0.0,0.0,0.0,0.0,0.0,0.0,0.0,0.0,0.0,0.0
2018-02-14 04:31:00,0.0,0.0,0.0,0.0,0.0,0.0,0.0,0.0,0.0,0.0,0.0,0.0
2018-02-14 04:31:30,0.0,0.0,0.0,0.0,0.0,0.0,0.0,0.0,0.0,0.0,0.0,0.0
2018-02-14 04:32:00,0.0,0.0,0.0,0.0,0.0,0.0,0.0,0.0,0.0,0.0,0.0,0.0
2018-02-14 04:32:30,0.0,0.0,0.0,0.0,0.0,0.0,0.0,0.0,0.0,0.0,0.0,0.0
2018-02-14 04:33:00,0.0,0.0,0.0,0.0,0.0,0.0,0.0,0.0,0.0,0.0,0.0,0.0
2018-02-14 04:33:30,0.0,0.0,0.0,0.0,0.0,0.0,0.0,0.0,0.0,0.0,0.0,0.0
2018-02-14 04:34:00,0.0,0.0,0.0,0.0,0.0,0.0,0.0,0.0,0.0,0.0,0.0,0.0
2018-02-14 04:34:30,0.0,0.0,0.0,0.0,0.0,0.0,0.0,0.0,0.0,0.0,0.0,0.0
2018-02-14 04:35:00,0.0,0.0,0.0,0.0,0.0,0.0,0.0,0.0,0.0,0.0,0.0,0.0
2018-02-14 04:35:30,0.0,0.0,0.0,0.0,0.0,0.0,0.0,0.0,0.0,0.0,0.0,0.0
2018-02-14 04:36:00,0.0,0.0,0.0,0.0,0.0,0.0,0.0,0.0,0.0,0.0,0.0,0.0
2018-02-14 04:36:30,0.0,0.0,0.0,0.0,0.0,0.0,0.0,0.0,0.0,0.0,0.0,0.0
2018-02-14 04:37:00,0.0,0.0,0.0,0.0,0.0,0.0,0.0,0.0,0.0,0.0,0.0,0.0
2018-02-14 04:37:30,0.0,0.0,0.0,0.0,0.0,0.0,0.0,0.0,0.0,0.0,0.0,0.0
2018-02-14 04:38:00,0.0,0.0,0.0,0.0,0.0,0.0,0.0,0.0,0.0,0.0,0.0,0.0
2018-02-14 04:38:30,0.0,0.0,0.0,0.0,0.0,0.0,0.0,0.0,0.0,0.0,0.0,0.0
2018-02-14 04:39:00,0.0,0.0,0.0,0.0,0.0,0.0,0.0,0.0,0.0,0.0,0.0,0.0
2018-02-14 04:39:30,0.0,0.0,0.0,0.0,0.0,0.0,0.0,0.0,0.0,0.0,0.0,0.0
2018-02-14 04:40:00,0.0,0.0,0.0,0.0,0.0,0.0,0.0,0.0,0.0,0.0,0.0,0.0
2018-02-14 04:40:30,0.0,0.0,0.0,0.0,0.0,0.0,0.0,0.0,0.0,0.0,0.0,0.0
2018-02-14 04:41:00,0.0,0.0,0.0,0.0,0.0,0.0,0.0,0.0,0.0,0.0,0.0,0.0
2018-02-14 04:41:30,0.0,0.0,0.0,0.0,0.0,0.0,0.0,0.0,0.0,0.0,0.0,0.0
2018-02-14 04:42:00,0.0,0.0,0.0,0.0,0.0,0.0,0.0,0.0,0.0,0.0,0.0,0.0
2018-02-14 04:42:30,0.0,0.0,0.0,0.0,0.0,0.0,0.0,0.0,0.0,0.0,0.0,0.0
2018-02-14 04:43:00,0.0,0.0,0.0,0.0,0.0,0.0,0.0,0.0,0.0,0.0,0.0,0.0
2018-02-14 04:43:30,0.0,0.0,0.0,0.0,0.0,0.0,0.0,0.0,0.0,0.0,0.0,0.0
2018-02-14 04:44:00,0.0,0.0,0.0,0.0,0.0,0.0,0.0,0.0,0.0,0.0,0.0,0.0
2018-02-14 04:44:30,0.0,0.0,0.0,0.0,0.0,0.0,0.0,0.0,0.0,0.0,0.0,0.0
2018-02-14 04:45:00,0.0,0.0,0.0,0.0,0.0,0.0,0.0,0.0,0.0,0.0,0.0,0.0
2018-02-14 04:45:30,0.0,0.0,0.0,0.0,0.0,0.0,0.0,0.0,0.0,0.0,0.0,0.0
2018-02-14 04:46:00,0.0,0.0,0.0,0.0,0.0,0.0,0.0,0.0,0.0,0.0,0.0,0.0
2018-02-14 04:46:30,0.0,0.0,0.0,0.0,0.0,0.0,0.0,0.0,0.0,0.0,0.0,0.0
2018-02-14 04:47:00,0.0,0.0,0.0,0.0,0.0,0.0,0.0,0.0,0.0,0.0,0.0,0.0
2018-02-14 04:47:30,0.0,0.0,0.0,0.0,0.0,0.0,0.0,0.0,0.0,0.0,0.0,0.0
2018-02-14 04:48:00,0.0,0.0,0.0,0.0,0.0,0.0,0.0,0.0,0.0,0.0,0.0,0.0
2018-02-14 04:48:30,0.0,0.0,0.0,0.0,0.0,0.0,0.0,0.0,0.0,0.0,0.0,0.0
2018-02-14 04:49:00,0.0,0.0,0.0,0.0,0.0,0.0,0.0,0.0,0.0,0.0,0.0,0.0
2018-02-14 04:49:30,0.0,0.0,0.0,0.0,0.0,0.0,0.0,0.0,0.0,0.0,0.0,0.0
2018-02-14 04:50:00,0.0,0.0,0.0,0.0,0.0,0.0,0.0,0.0,0.0,0.0,0.0,0.0
2018-02-14 04:50:30,0.0,0.0,0.0,0.0,0.0,0.0,0.0,0.0,0.0,0.0,0.0,0.0
2018-02-14 04:51:00,0.0,0.0,0.0,0.0,0.0,0.0,0.0,0.0,0.0,0.0,0.0,0.0
2018-02-14 04:51:30,0.0,0.0,0.0,0.0,0.0,0.0,0.0,0.0,0.0,0.0,0.0,0.0
2018-02-14 04:52:00,0.0,0.0,0.0,0.0,0.0,0.0,0.0,0.0,0.0,0.0,0.0,0.0
2018-02-14 04:52:30,0.0,0.0,0.0,0.0,0.0,0.0,0.0,0.0,0.0,0.0,0.0,0.0
2018-02-14 04:53:00,0.0,0.0,0.0,0.0,0.0,0.0,0.0,0.0,0.0,0.0,0.0,0.0
2018-02-14 04:53:30,0.0,0.0,0.0,0.0,0.0,0.0,0.0,0.0,0.0,0.0,0.0,0.0
2018-02-14 04:54:00,0.0,0.0,0.0,0.0,0.0,0.0,0.0,0.0,0.0,0.0,0.0,0.0
2018-02-14 04:54:30,0.0,0.0,0.0,0.0,0.0,0.0,0.0,0.0,0.0,0.0,0.0,0.0
2018-02-14 04:55:00,0.0,0.0,0.0,0.0,0.0,0.0,0.0,0.0,0.0,0.0,0.0,0.0
2018-02-14 04:55:30,0.0,0.0,0.0,0.0,0.0,0.0,0.0,0.0,0.0,0.0,0.0,0.0
2018-02-14 04:56:00,0.0,0.0,0.0,0.0,0.0,0.0,0.0,0.0,0.0,0.0,0.0,0.0
2018-02-14 04:56:30,0.0,0.0,0.0,0.0,0.0,0.0,0.0,0.0,0.0,0.0,0.0,0.0
2018-02-14 04:57:00,0.0,0.0,0.0,0.0,0.0,0.0,0.0,0.0,0.0,0.0,0.0,0.0
2018-02-14 04:57:30,0.0,0.0,0.0,0.0,0.0,0.0,0.0,0.0,0.0,0.0,0.0,0.0
2018-02-14 04:58:00,0.0,0.0,0.0,0.0,0.0,0.0,0.0,0.0,0.0,0.0,0.0,0.0
2018-02-14 04:58:30,0.0,0.0,0.0,0.0,0.0,0.0,0.0,0.0,0.0,0.0,0.0,0.0
2018-02-14 04:59:00,0.0,0.0,0.0,0.0,0.0,0.0,0.0,0.0,0.0,0.0,0.0,0.0
2018-02-14 04:59:30,0.0,0.0,0.0,0.0,0.0,0.0,0.0,0.0,0.0,0.0,0.0,0.0
2018-02-14 05:00:00,0.0,0.0,0.0,0.0,0.0,0.0,0.0,0.0,0.0,0.0,0.0,0.0
2018-02-14 05:00:30,0.0,0.0,0.0,0.0,0.0,0.0,0.0,0.0,0.0,0.0,0.0,0.0
2018-02-14 05:01:00,0.0,0.0,0.0,0.0,0.0,0.0,0.0,0.0,0.0,0.0,0.0,0.0
2018-02-14 05:01:30,0.0,0.0,0.0,0.0,0.0,0.0,0.0,0.0,0.0,0.0,0.0,0.0
2018-02-14 05:02:00,0.0,0.0,0.0,0.0,0.0,0.0,0.0,0.0,0.0,0.0,0.0,0.0
2018-02-14 05:02:30,0.0,0.0,0.0,0.0,0.0,0.0,0.0,0.0,0.0,0.0,0.0,0.0
2018-02-14 05:03:00,0.0,0.0,0.0,0.0,0.0,0.0,0.0,0.0,0.0,0.0,0.0,0.0
2018-02-14 05:03:30,0.0,0.0,0.0,0.0,0.0,0.0,0.0,0.0,0.0,0.0,0.0,0.0
2018-02-14 05:04:00,0.0,0.0,0.0,0.0,0.0,0.0,0.0,0.0,0.0,0.0,0.0,0.0
2018-02-14 05:04:30,0.0,0.0,0.0,0.0,0.0,0.0,0.0,0.0,0.0,0.0,0.0,0.0
2018-02-14 05:05:00,0.0,0.0,0.0,0.0,0.0,0.0,0.0,0.0,0.0,0.0,0.0,0.0
2018-02-14 05:05:30,0.0,0.0,0.0,0.0,0.0,0.0,0.0,0.0,0.0,0.0,0.0,0.0
2018-02-14 05:06:00,0.0,0.0,0.0,0.0,0.0,0.0,0.0,0.0,0.0,0.0,0.0,0.0
2018-02-14 05:06:30,0.0,0.0,0.0,0.0,0.0,0.0,0.0,0.0,0.0,0.0,0.0,0.0
2018-02-14 05:07:00,0.0,0.0,0.0,0.0,0.0,0.0,0.0,0.0,0.0,0.0,0.0,0.0
2018-02-14 05:07:30,0.0,0.0,0.0,0.0,0.0,0.0,0.0,0.0,0.0,0.0,0.0,0.0
2018-02-14 05:08:00,0.0,0.0,0.0,0.0,0.0,0.0,0.0,0.0,0.0,0.0,0.0,0.0
2018-02-14 05:08:30,0.0,0.0,0.0,0.0,0.0,0.0,0.0,0.0,0.0,0.0,0.0,0.0
2018-02-14 05:09:00,0.0,0.0,0.0,0.0,0.0,0.0,0.0,0.0,0.0,0.0,0.0,0.0
2018-02-14 05:09:30,0.0,0.0,0.0,0.0,0.0,0.0,0.0,0.0,0.0,0.0,0.0,0.0
2018-02-14 05:10:00,0.0,0.0,0.0,0.0,0.0,0.0,0.0,0.0,0.0,0.0,0.0,0.0
2018-02-14 05:10:30,0.0,0.0,0.0,0.0,0.0,0.0,0.0,0.0,0.0,0.0,0.0,0.0
2018-02-14 05:11:00,0.0,0.0,0.0,0.0,0.0,0.0,0.0,0.0,0.0,0.0,0.0,0.0
2018-02-14 05:11:30,0.0,0.0,0.0,0.0,0.0,0.0,0.0,0.0,0.0,0.0,0.0,0.0
2018-02-14 05:12:00,0.0,0.0,0.0,0.0,0.0,0.0,0.0,0.0,0.0,0.0,0.0,0.0
2018-02-14 05:12:30,0.0,0.0,0.0,0.0,0.0,0.0,0.0,0.0,0.0,0.0,0.0,0.0
2018-02-14 05:13:00,0.0,0.0,0.0,0.0,0.0,0.0,0.0,0.0,0.0,0.0,0.0,0.0
2018-02-14 05:13:30,0.0,0.0,0.0,0.0,0.0,0.0,0.0,0.0,0.0,0.0,0.0,0.0
2018-02-14 05:14:00,0.0,0.0,0.0,0.0,0.0,0.0,0.0,0.0,0.0,0.0,0.0,0.0
2018-02-14 05:14:30,0.0,0.0,0.0,0.0,0.0,0.0,0.0,0.0,0.0,0.0,0.0,0.0
2018-02-14 05:15:00,0.0,0.0,0.0,0.0,0.0,0.0,0.0,0.0,0.0,0.0,0.0,0.0
2018-02-14 05:15:30,0.0,0.0,0.0,0.0,0.0,0.0,0.0,0.0,0.0,0.0,0.0,0.0
2018-02-14 05:16:00,0.0,0.0,0.0,0.0,0.0,0.0,0.0,0.0,0.0,0.0,0.0,0.0
2018-02-14 05:16:30,0.0,0.0,0.0,0.0,0.0,0.0,0.0,0.0,0.0,0.0,0.0,0.0
2018-02-14 05:17:00,0.0,0.0,0.0,0.0,0.0,0.0,0.0,0.0,0.0,0.0,0.0,0.0
2018-02-14 05:17:30,0.0,0.0,0.0,0.0,0.0,0.0,0.0,0.0,0.0,0.0,0.0,0.0
2018-02-14 05:18:00,0.0,0.0,0.0,0.0,0.0,0.0,0.0,0.0,0.0,0.0,0.0,0.0
2018-02-14 05:18:30,0.0,0.0,0.0,0.0,0.0,0.0,0.0,0.0,0.0,0.0,0.0,0.0
2018-02-14 05:19:00,0.0,0.0,0.0,0.0,0.0,0.0,0.0,0.0,0.0,0.0,0.0,0.0
2018-02-14 05:19:30,0.0,0.0,0.0,0.0,0.0,0.0,0.0,0.0,0.0,0.0,0.0,0.0
2018-02-14 05:20:00,0.0,0.0,0.0,0.0,0.0,0.0,0.0,0.0,0.0,0.0,0.0,0.0
2018-02-14 05:20:30,0.0,0.0,0.0,0.0,0.0,0.0,0.0,0.0,0.0,0.0,0.0,0.0
2018-02-14 05:21:00,0.0,0.0,0.0,0.0,0.0,0.0,0.0,0.0,0.0,0.0,0.0,0.0
2018-02-14 05:21:30,0.0,0.0,0.0,0.0,0.0,0.0,0.0,0.0,0.0,0.0,0.0,0.0
2018-02-14 05:22:00,0.0,0.0,0.0,0.0,0.0,0.0,0.0,0.0,0.0,0.0,0.0,0.0
2018-02-14 05:22:30,0.0,0.0,0.0,0.0,0.0,0.0,0.0,0.0,0.0,0.0,0.0,0.0
2018-02-14 05:23:00,0.0,0.0,0.0,0.0,0.0,0.0,0.0,0.0,0.0,0.0,0.0,0.0
2018-02-14 05:23:30,0.0,0.0,0.0,0.0,0.0,0.0,0.0,0.0,0.0,0.0,0.0,0.0
2018-02-14 05:24:00,0.0,0.0,0.0,0.0,0.0,0.0,0.0,0.0,0.0,0.0,0.0,0.0
2018-02-14 05:24:30,0.0,0.0,0.0,0.0,0.0,0.0,0.0,0.0,0.0,0.0,0.0,0.0
2018-02-14 05:25:00,0.0,0.0,0.0,0.0,0.0,0.0,0.0,0.0,0.0,0.0,0.0,0.0
2018-02-14 05:25:30,0.0,0.0,0.0,0.0,0.0,0.0,0.0,0.0,0.0,0.0,0.0,0.0
2018-02-14 05:26:00,0.0,0.0,0.0,0.0,0.0,0.0,0.0,0.0,0.0,0.0,0.0,0.0
2018-02-14 05:26:30,0.0,0.0,0.0,0.0,0.0,0.0,0.0,0.0,0.0,0.0,0.0,0.0
2018-02-14 05:27:00,0.0,0.0,0.0,0.0,0.0,0.0,0.0,0.0,0.0,0.0,0.0,0.0
2018-02-14 05:27:30,0.0,0.0,0.0,0.0,0.0,0.0,0.0,0.0,0.0,0.0,0.0,0.0
2018-02-14 05:28:00,0.0,0.0,0.0,0.0,0.0,0.0,0.0,0.0,0.0,0.0,0.0,0.0
2018-02-14 05:28:30,0.0,0.0,0.0,0.0,0.0,0.0,0.0,0.0,0.0,0.0,0.0,0.0
2018-02-14 05:29:00,0.0,0.0,0.0,0.0,0.0,0.0,0.0,0.0,0.0,0.0,0.0,0.0
2018-02-14 05:29:30,0.0,0.0,0.0,0.0,0.0,0.0,0.0,0.0,0.0,0.0,0.0,0.0
2018-02-14 05:30:00,0.0,0.0,0.0,0.0,0.0,0.0,0.0,0.0,0.0,0.0,0.0,0.0
2018-02-14 05:30:30,0.0,0.0,0.0,0.0,0.0,0.0,0.0,0.0,0.0,0.0,0.0,0.0
2018-02-14 05:31:00,0.0,0.0,0.0,0.0,0.0,0.0,0.0,0.0,0.0,0.0,0.0,0.0
2018-02-14 05:31:30,0.0,0.0,0.0,0.0,0.0,0.0,0.0,0.0,0.0,0.0,0.0,0.0
2018-02-14 05:32:00,0.0,0.0,0.0,0.0,0.0,0.0,0.0,0.0,0.0,0.0,0.0,0.0
2018-02-14 05:32:30,0.0,0.0,0.0,0.0,0.0,0.0,0.0,0.0,0.0,0.0,0.0,0.0
2018-02-14 05:33:00,0.0,0.0,0.0,0.0,0.0,0.0,0.0,0.0,0.0,0.0,0.0,0.0
2018-02-14 05:33:30,0.0,0.0,0.0,0.0,0.0,0.0,0.0,0.0,0.0,0.0,0.0,0.0
2018-02-14 05:34:00,0.0,0.0,0.0,0.0,0.0,0.0,0.0,0.0,0.0,0.0,0.0,0.0
2018-02-14 05:34:30,0.0,0.0,0.0,0.0,0.0,0.0,0.0,0.0,0.0,0.0,0.0,0.0
2018-02-14 05:35:00,0.0,0.0,0.0,0.0,0.0,0.0,0.0,0.0,0.0,0.0,0.0,0.0
2018-02-14 05:35:30,0.0,0.0,0.0,0.0,0.0,0.0,0.0,0.0,0.0,0.0,0.0,0.0
2018-02-14 05:36:00,0.0,0.0,0.0,0.0,0.0,0.0,0.0,0.0,0.0,0.0,0.0,0.0
2018-02-14 05:36:30,0.0,0.0,0.0,0.0,0.0,0.0,0.0,0.0,0.0,0.0,0.0,0.0
2018-02-14 05:37:00,0.0,0.0,0.0,0.0,0.0,0.0,0.0,0.0,0.0,0.0,0.0,0.0
2018-02-14 05:37:30,0.0,0.0,0.0,0.0,0.0,0.0,0.0,0.0,0.0,0.0,0.0,0.0
2018-02-14 05:38:00,0.0,0.0,0.0,0.0,0.0,0.0,0.0,0.0,0.0,0.0,0.0,0.0
2018-02-14 05:38:30,0.0,0.0,0.0,0.0,0.0,0.0,0.0,0.0,0.0,0.0,0.0,0.0
2018-02-14 05:39:00,0.0,0.0,0.0,0.0,0.0,0.0,0.0,0.0,0.0,0.0,0.0,0.0
2018-02-14 05:39:30,0.0,0.0,0.0,0.0,0.0,0.0,0.0,0.0,0.0,0.0,0.0,0.0
2018-02-14 05:40:00,0.0,0.0,0.0,0.0,0.0,0.0,0.0,0.0,0.0,0.0,0.0,0.0
2018-02-14 05:40:30,0.0,0.0,0.0,0.0,0.0,0.0,0.0,0.0,0.0,0.0,0.0,0.0
2018-02-14 05:41:00,0.0,0.0,0.0,0.0,0.0,0.0,0.0,0.0,0.0,0.0,0.0,0.0
2018-02-14 05:41:30,0.0,0.0,0.0,0.0,0.0,0.0,0.0,0.0,0.0,0.0,0.0,0.0
2018-02-14 05:42:00,0.0,0.0,0.0,0.0,0.0,0.0,0.0,0.0,0.0,0.0,0.0,0.0
2018-02-14 05:42:30,0.0,0.0,0.0,0.0,0.0,0.0,0.0,0.0,0.0,0.0,0.0,0.0
2018-02-14 05:43:00,0.0,0.0,0.0,0.0,0.0,0.0,0.0,0.0,0.0,0.0,0.0,0.0
2018-02-14 05:43:30,0.0,0.0,0.0,0.0,0.0,0.0,0.0,0.0,0.0,0.0,0.0,0.0
2018-02-14 05:44:00,0.0,0.0,0.0,0.0,0.0,0.0,0.0,0.0,0.0,0.0,0.0,0.0
2018-02-14 05:44:30,0.0,0.0,0.0,0.0,0.0,0.0,0.0,0.0,0.0,0.0,0.0,0.0
2018-02-14 05:45:00,0.0,0.0,0.0,0.0,0.0,0.0,0.0,0.0,0.0,0.0,0.0,0.0
2018-02-14 05:45:30,0.0,0.0,0.0,0.0,0.0,0.0,0.0,0.0,0.0,0.0,0.0,0.0
2018-02-14 05:46:00,0.0,0.0,0.0,0.0,0.0,0.0,0.0,0.0,0.0,0.0,0.0,0.0
2018-02-14 05:46:30,0.0,0.0,0.0,0.0,0.0,0.0,0.0,0.0,0.0,0.0,0.0,0.0
2018-02-14 05:47:00,0.0,0.0,0.0,0.0,0.0,0.0,0.0,0.0,0.0,0.0,0.0,0.0
2018-02-14 05:47:30,0.0,0.0,0.0,0.0,0.0,0.0,0.0,0.0,0.0,0.0,0.0,0.0
2018-02-14 05:48:00,0.0,0.0,0.0,0.0,0.0,0.0,0.0,0.0,0.0,0.0,0.0,0.0
2018-02-14 05:48:30,0.0,0.0,0.0,0.0,0.0,0.0,0.0,0.0,0.0,0.0,0.0,0.0
2018-02-14 05:49:00,0.0,0.0,0.0,0.0,0.0,0.0,0.0,0.0,0.0,0.0,0.0,0.0
2018-02-14 05:49:30,0.0,0.0,0.0,0.0,0.0,0.0,0.0,0.0,0.0,0.0,0.0,0.0
2018-02-14 05:50:00,0.0,0.0,0.0,0.0,0.0,0.0,0.0,0.0,0.0,0.0,0.0,0.0
2018-02-14 05:50:30,0.0,0.0,0.0,0.0,0.0,0.0,0.0,0.0,0.0,0.0,0.0,0.0
2018-02-14 05:51:00,0.0,0.0,0.0,0.0,0.0,0.0,0.0,0.0,0.0,0.0,0.0,0.0
2018-02-14 05:51:30,0.0,0.0,0.0,0.0,0.0,0.0,0.0,0.0,0.0,0.0,0.0,0.0
2018-02-14 05:52:00,0.0,0.0,0.0,0.0,0.0,0.0,0.0,0.0,0.0,0.0,0.0,0.0
2018-02-14 05:52:30,0.0,0.0,0.0,0.0,0.0,0.0,0.0,0.0,0.0,0.0,0.0,0.0
2018-02-14 05:53:00,0.0,0.0,0.0,0.0,0.0,0.0,0.0,0.0,0.0,0.0,0.0,0.0
2018-02-14 05:53:30,0.0,0.0,0.0,0.0,0.0,0.0,0.0,0.0,0.0,0.0,0.0,0.0
2018-02-14 05:54:00,0.0,0.0,0.0,0.0,0.0,0.0,0.0,0.0,0.0,0.0,0.0,0.0
2018-02-14 05:54:30,0.0,0.0,0.0,0.0,0.0,0.0,0.0,0.0,0.0,0.0,0.0,0.0
2018-02-14 05:55:00,0.0,0.0,0.0,0.0,0.0,0.0,0.0,0.0,0.0,0.0,0.0,0.0
2018-02-14 05:55:30,0.0,0.0,0.0,0.0,0.0,0.0,0.0,0.0,0.0,0.0,0.0,0.0
2018-02-14 05:56:00,0.0,0.0,0.0,0.0,0.0,0.0,0.0,0.0,0.0,0.0,0.0,0.0
2018-02-14 05:56:30,0.0,0.0,0.0,0.0,0.0,0.0,0.0,0.0,0.0,0.0,0.0,0.0
2018-02-14 05:57:00,0.0,0.0,0.0,0.0,0.0,0.0,0.0,0.0,0.0,0.0,0.0,0.0
2018-02-14 05:57:30,0.0,0.0,0.0,0.0,0.0,0.0,0.0,0.0,0.0,0.0,0.0,0.0
2018-02-14 05:58:00,0.0,0.0,0.0,0.0,0.0,0.0,0.0,0.0,0.0,0.0,0.0,0.0
2018-02-14 05:58:30,0.0,0.0,0.0,0.0,0.0,0.0,0.0,0.0,0.0,0.0,0.0,0.0
2018-02-14 05:59:00,0.0,0.0,0.0,0.0,0.0,0.0,0.0,0.0,0.0,0.0,0.0,0.0
2018-02-14 05:59:30,0.0,0.0,0.0,0.0,0.0,0.0,0.0,0.0,0.0,0.0,0.0,0.0
2018-02-14 06:00:00,0.0,0.0,0.0,0.0,0.0,0.0,0.0,0.0,0.0,0.0,0.0,0.0
2018-02-14 06:00:30,0.0,0.0,0.0,0.0,0.0,0.0,0.0,0.0,0.0,0.0,0.0,0.0
2018-02-14 06:01:00,0.0,0.0,0.0,0.0,0.0,0.0,0.0,0.0,0.0,0.0,0.0,0.0
2018-02-14 06:01:30,0.0,0.0,0.0,0.0,0.0,0.0,0.0,0.0,0.0,0.0,0.0,0.0
2018-02-14 06:02:00,0.0,0.0,0.0,0.0,0.0,0.0,0.0,0.0,0.0,0.0,0.0,0.0
2018-02-14 06:02:30,0.0,0.0,0.0,0.0,0.0,0.0,0.0,0.0,0.0,0.0,0.0,0.0
2018-02-14 06:03:00,0.0,0.0,0.0,0.0,0.0,0.0,0.0,0.0,0.0,0.0,0.0,0.0
2018-02-14 06:03:30,0.0,0.0,0.0,0.0,0.0,0.0,0.0,0.0,0.0,0.0,0.0,0.0
2018-02-14 06:04:00,0.0,0.0,0.0,0.0,0.0,0.0,0.0,0.0,0.0,0.0,0.0,0.0
2018-02-14 06:04:30,0.0,0.0,0.0,0.0,0.0,0.0,0.0,0.0,0.0,0.0,0.0,0.0
2018-02-14 06:05:00,0.0,0.0,0.0,0.0,0.0,0.0,0.0,0.0,0.0,0.0,0.0,0.0
2018-02-14 06:05:30,0.0,0.0,0.0,0.0,0.0,0.0,0.0,0.0,0.0,0.0,0.0,0.0
2018-02-14 06:06:00,0.0,0.0,0.0,0.0,0.0,0.0,0.0,0.0,0.0,0.0,0.0,0.0
2018-02-14 06:06:30,0.0,0.0,0.0,0.0,0.0,0.0,0.0,0.0,0.0,0.0,0.0,0.0
2018-02-14 06:07:00,0.0,0.0,0.0,0.0,0.0,0.0,0.0,0.0,0.0,0.0,0.0,0.0
2018-02-14 06:07:30,0.0,0.0,0.0,0.0,0.0,0.0,0.0,0.0,0.0,0.0,0.0,0.0
2018-02-14 06:08:00,0.0,0.0,0.0,0.0,0.0,0.0,0.0,0.0,0.0,0.0,0.0,0.0
2018-02-14 06:08:30,0.0,0.0,0.0,0.0,0.0,0.0,0.0,0.0,0.0,0.0,0.0,0.0
2018-02-14 06:09:00,0.0,0.0,0.0,0.0,0.0,0.0,0.0,0.0,0.0,0.0,0.0,0.0
2018-02-14 06:09:30,0.0,0.0,0.0,0.0,0.0,0.0,0.0,0.0,0.0,0.0,0.0,0.0
2018-02-14 06:10:00,0.0,0.0,0.0,0.0,0.0,0.0,0.0,0.0,0.0,0.0,0.0,0.0
2018-02-14 06:10:30,0.0,0.0,0.0,0.0,0.0,0.0,0.0,0.0,0.0,0.0,0.0,0.0
2018-02-14 06:11:00,0.0,0.0,0.0,0.0,0.0,0.0,0.0,0.0,0.0,0.0,0.0,0.0
2018-02-14 06:11:30,0.0,0.0,0.0,0.0,0.0,0.0,0.0,0.0,0.0,0.0,0.0,0.0
2018-02-14 06:12:00,0.0,0.0,0.0,0.0,0.0,0.0,0.0,0.0,0.0,0.0,0.0,0.0
2018-02-14 06:12:30,0.0,0.0,0.0,0.0,0.0,0.0,0.0,0.0,0.0,0.0,0.0,0.0
2018-02-14 06:13:00,0.0,0.0,0.0,0.0,0.0,0.0,0.0,0.0,0.0,0.0,0.0,0.0
2018-02-14 06:13:30,0.0,0.0,0.0,0.0,0.0,0.0,0.0,0.0,0.0,0.0,0.0,0.0
2018-02-14 06:14:00,0.0,0.0,0.0,0.0,0.0,0.0,0.0,0.0,0.0,0.0,0.0,0.0
2018-02-14 06:14:30,0.0,0.0,0.0,0.0,0.0,0.0,0.0,0.0,0.0,0.0,0.0,0.0
2018-02-14 06:15:00,0.0,0.0,0.0,0.0,0.0,0.0,0.0,0.0,0.0,0.0,0.0,0.0
2018-02-14 06:15:30,0.0,0.0,0.0,0.0,0.0,0.0,0.0,0.0,0.0,0.0,0.0,0.0
2018-02-14 06:16:00,0.0,0.0,0.0,0.0,0.0,0.0,0.0,0.0,0.0,0.0,0.0,0.0
2018-02-14 06:16:30,0.0,0.0,0.0,0.0,0.0,0.0,0.0,0.0,0.0,0.0,0.0,0.0
2018-02-14 06:17:00,0.0,0.0,0.0,0.0,0.0,0.0,0.0,0.0,0.0,0.0,0.0,0.0
2018-02-14 06:17:30,0.0,0.0,0.0,0.0,0.0,0.0,0.0,0.0,0.0,0.0,0.0,0.0
2018-02-14 06:18:00,0.0,0.0,0.0,0.0,0.0,0.0,0.0,0.0,0.0,0.0,0.0,0.0
2018-02-14 06:18:30,0.0,0.0,0.0,0.0,0.0,0.0,0.0,0.0,0.0,0.0,0.0,0.0
2018-02-14 06:19:00,0.0,0.0,0.0,0.0,0.0,0.0,0.0,0.0,0.0,0.0,0.0,0.0
2018-02-14 06:19:30,0.0,0.0,0.0,0.0,0.0,0.0,0.0,0.0,0.0,0.0,0.0,0.0
2018-02-14 06:20:00,0.0,0.0,0.0,0.0,0.0,0.0,0.0,0.0,0.0,0.0,0.0,0.0
2018-02-14 06:20:30,0.0,0.0,0.0,0.0,0.0,0.0,0.0,0.0,0.0,0.0,0.0,0.0
2018-02-14 06:21:00,0.0,0.0,0.0,0.0,0.0,0.0,0.0,0.0,0.0,0.0,0.0,0.0
2018-02-14 06:21:30,0.0,0.0,0.0,0.0,0.0,0.0,0.0,0.0,0.0,0.0,0.0,0.0
2018-02-14 06:22:00,0.0,0.0,0.0,0.0,0.0,0.0,0.0,0.0,0.0,0.0,0.0,0.0
2018-02-14 06:22:30,0.0,0.0,0.0,0.0,0.0,0.0,0.0,0.0,0.0,0.0,0.0,0.0
2018-02-14 06:23:00,0.0,0.0,0.0,0.0,0.0,0.0,0.0,0.0,0.0,0.0,0.0,0.0
2018-02-14 06:23:30,0.0,0.0,0.0,0.0,0.0,0.0,0.0,0.0,0.0,0.0,0.0,0.0
2018-02-14 06:24:00,0.0,0.0,0.0,0.0,0.0,0.0,0.0,0.0,0.0,0.0,0.0,0.0
2018-02-14 06:24:30,0.0,0.0,0.0,0.0,0.0,0.0,0.0,0.0,0.0,0.0,0.0,0.0
2018-02-14 06:25:00,0.0,0.0,0.0,0.0,0.0,0.0,0.0,0.0,0.0,0.0,0.0,0.0
2018-02-14 06:25:30,0.0,0.0,0.0,0.0,0.0,0.0,0.0,0.0,0.0,0.0,0.0,0.0
2018-02-14 06:26:00,0.0,0.0,0.0,0.0,0.0,0.0,0.0,0.0,0.0,0.0,0.0,0.0
2018-02-14 06:26:30,0.0,0.0,0.0,0.0,0.0,0.0,0.0,0.0,0.0,0.0,0.0,0.0
2018-02-14 06:27:00,0.0,0.0,0.0,0.0,0.0,0.0,0.0,0.0,0.0,0.0,0.0,0.0
2018-02-14 06:27:30,0.0,0.0,0.0,0.0,0.0,0.0,0.0,0.0,0.0,0.0,0.0,0.0
2018-02-14 06:28:00,0.0,0.0,0.0,0.0,0.0,0.0,0.0,0.0,0.0,0.0,0.0,0.0
2018-02-14 06:28:30,0.0,0.0,0.0,0.0,0.0,0.0,0.0,0.0,0.0,0.0,0.0,0.0
2018-02-14 06:29:00,0.0,0.0,0.0,0.0,0.0,0.0,0.0,0.0,0.0,0.0,0.0,0.0
2018-02-14 06:29:30,0.0,0.0,0.0,0.0,0.0,0.0,0.0,0.0,0.0,0.0,0.0,0.0
2018-02-14 06:30:00,0.0,0.0,0.0,0.0,0.0,0.0,0.0,0.0,0.0,0.0,0.0,0.0
2018-02-14 06:30:30,0.0,0.0,0.0,0.0,0.0,0.0,0.0,0.0,0.0,0.0,0.0,0.0
2018-02-14 06:31:00,0.0,0.0,0.0,0.0,0.0,0.0,0.0,0.0,0.0,0.0,0.0,0.0
2018-02-14 06:31:30,0.0,0.0,0.0,0.0,0.0,0.0,0.0,0.0,0.0,0.0,0.0,0.0
2018-02-14 06:32:00,0.0,0.0,0.0,0.0,0.0,0.0,0.0,0.0,0.0,0.0,0.0,0.0
2018-02-14 06:32:30,0.0,0.0,0.0,0.0,0.0,0.0,0.0,0.0,0.0,0.0,0.0,0.0
2018-02-14 06:33:00,0.0,0.0,0.0,0.0,0.0,0.0,0.0,0.0,0.0,0.0,0.0,0.0
2018-02-14 06:33:30,0.0,0.0,0.0,0.0,0.0,0.0,0.0,0.0,0.0,0.0,0.0,0.0
2018-02-14 06:34:00,0.0,0.0,0.0,0.0,0.0,0.0,0.0,0.0,0.0,0.0,0.0,0.0
2018-02-14 06:34:30,0.0,0.0,0.0,0.0,0.0,0.0,0.0,0.0,0.0,0.0,0.0,0.0
2018-02-14 06:35:00,0.0,0.0,0.0,0.0,0.0,0.0,0.0,0.0,0.0,0.0,0.0,0.0
2018-02-14 06:35:30,0.0,0.0,0.0,0.0,0.0,0.0,0.0,0.0,0.0,0.0,0.0,0.0
2018-02-14 06:36:00,0.0,0.0,0.0,0.0,0.0,0.0,0.0,0.0,0.0,0.0,0.0,0.0
2018-02-14 06:36:30,0.0,0.0,0.0,0.0,0.0,0.0,0.0,0.0,0.0,0.0,0.0,0.0
2018-02-14 06:37:00,0.0,0.0,0.0,0.0,0.0,0.0,0.0,0.0,0.0,0.0,0.0,0.0
2018-02-14 06:37:30,0.0,0.0,0.0,0.0,0.0,0.0,0.0,0.0,0.0,0.0,0.0,0.0
2018-02-14 06:38:00,0.0,0.0,0.0,0.0,0.0,0.0,0.0,0.0,0.0,0.0,0.0,0.0
2018-02-14 06:38:30,0.0,0.0,0.0,0.0,0.0,0.0,0.0,0.0,0.0,0.0,0.0,0.0
2018-02-14 06:39:00,0.0,0.0,0.0,0.0,0.0,0.0,0.0,0.0,0.0,0.0,0.0,0.0
2018-02-14 06:39:30,0.0,0.0,0.0,0.0,0.0,0.0,0.0,0.0,0.0,0.0,0.0,0.0
2018-02-14 06:40:00,0.0,0.0,0.0,0.0,0.0,0.0,0.0,0.0,0.0,0.0,0.0,0.0
2018-02-14 06:40:30,0.0,0.0,0.0,0.0,0.0,0.0,0.0,0.0,0.0,0.0,0.0,0.0
2018-02-14 06:41:00,0.0,0.0,0.0,0.0,0.0,0.0,0.0,0.0,0.0,0.0,0.0,0.0
2018-02-14 06:41:30,0.0,0.0,0.0,0.0,0.0,0.0,0.0,0.0,0.0,0.0,0.0,0.0
2018-02-14 06:42:00,0.0,0.0,0.0,0.0,0.0,0.0,0.0,0.0,0.0,0.0,0.0,0.0
2018-02-14 06:42:30,0.0,0.0,0.0,0.0,0.0,0.0,0.0,0.0,0.0,0.0,0.0,0.0
2018-02-14 06:43:00,0.0,0.0,0.0,0.0,0.0,0.0,0.0,0.0,0.0,0.0,0.0,0.0
2018-02-14 06:43:30,0.0,0.0,0.0,0.0,0.0,0.0,0.0,0.0,0.0,0.0,0.0,0.0
2018-02-14 06:44:00,0.0,0.0,0.0,0.0,0.0,0.0,0.0,0.0,0.0,0.0,0.0,0.0
2018-02-14 06:44:30,0.0,0.0,0.0,0.0,0.0,0.0,0.0,0.0,0.0,0.0,0.0,0.0
2018-02-14 06:45:00,0.0,0.0,0.0,0.0,0.0,0.0,0.0,0.0,0.0,0.0,0.0,0.0
2018-02-14 06:45:30,0.0,0.0,0.0,0.0,0.0,0.0,0.0,0.0,0.0,0.0,0.0,0.0
2018-02-14 06:46:00,0.0,0.0,0.0,0.0,0.0,0.0,0.0,0.0,0.0,0.0,0.0,0.0
2018-02-14 06:46:30,0.0,0.0,0.0,0.0,0.0,0.0,0.0,0.0,0.0,0.0,0.0,0.0
2018-02-14 06:47:00,0.0,0.0,0.0,0.0,0.0,0.0,0.0,0.0,0.0,0.0,0.0,0.0
2018-02-14 06:47:30,0.0,0.0,0.0,0.0,0.0,0.0,0.0,0.0,0.0,0.0,0.0,0.0
2018-02-14 06:48:00,0.0,0.0,0.0,0.0,0.0,0.0,0.0,0.0,0.0,0.0,0.0,0.0
2018-02-14 06:48:30,0.0,0.0,0.0,0.0,0.0,0.0,0.0,0.0,0.0,0.0,0.0,0.0
2018-02-14 06:49:00,0.0,0.0,0.0,0.0,0.0,0.0,0.0,0.0,0.0,0.0,0.0,0.0
2018-02-14 06:49:30,0.0,0.0,0.0,0.0,0.0,0.0,0.0,0.0,0.0,0.0,0.0,0.0
2018-02-14 06:50:00,0.0,0.0,0.0,0.0,0.0,0.0,0.0,0.0,0.0,0.0,0.0,0.0
2018-02-14 06:50:30,0.0,0.0,0.0,0.0,0.0,0.0,0.0,0.0,0.0,0.0,0.0,0.0
2018-02-14 06:51:00,0.0,0.0,0.0,0.0,0.0,0.0,0.0,0.0,0.0,0.0,0.0,0.0
2018-02-14 06:51:30,0.0,0.0,0.0,0.0,0.0,0.0,0.0,0.0,0.0,0.0,0.0,0.0
2018-02-14 06:52:00,0.0,0.0,0.0,0.0,0.0,0.0,0.0,0.0,0.0,0.0,0.0,0.0
2018-02-14 06:52:30,0.0,0.0,0.0,0.0,0.0,0.0,0.0,0.0,0.0,0.0,0.0,0.0
2018-02-14 06:53:00,0.0,0.0,0.0,0.0,0.0,0.0,0.0,0.0,0.0,0.0,0.0,0.0
2018-02-14 06:53:30,0.0,0.0,0.0,0.0,0.0,0.0,0.0,0.0,0.0,0.0,0.0,0.0
2018-02-14 06:54:00,0.0,0.0,0.0,0.0,0.0,0.0,0.0,0.0,0.0,0.0,0.0,0.0
2018-02-14 06:54:30,0.0,0.0,0.0,0.0,0.0,0.0,0.0,0.0,0.0,0.0,0.0,0.0
2018-02-14 06:55:00,0.0,0.0,0.0,0.0,0.0,0.0,0.0,0.0,0.0,0.0,0.0,0.0
2018-02-14 06:55:30,0.0,0.0,0.0,0.0,0.0,0.0,0.0,0.0,0.0,0.0,0.0,0.0
2018-02-14 06:56:00,0.0,0.0,0.0,0.0,0.0,0.0,0.0,0.0,0.0,0.0,0.0,0.0
2018-02-14 06:56:30,0.0,0.0,0.0,0.0,0.0,0.0,0.0,0.0,0.0,0.0,0.0,0.0
2018-02-14 06:57:00,0.0,0.0,0.0,0.0,0.0,0.0,0.0,0.0,0.0,0.0,0.0,0.0
2018-02-14 06:57:30,0.0,0.0,0.0,0.0,0.0,0.0,0.0,0.0,0.0,0.0,0.0,0.0
2018-02-14 06:58:00,0.0,0.0,0.0,0.0,0.0,0.0,0.0,0.0,0.0,0.0,0.0,0.0
2018-02-14 06:58:30,0.0,0.0,0.0,0.0,0.0,0.0,0.0,0.0,0.0,0.0,0.0,0.0
2018-02-14 06:59:00,0.0,0.0,0.0,0.0,0.0,0.0,0.0,0.0,0.0,0.0,0.0,0.0
2018-02-14 06:59:30,0.0,0.0,0.0,0.0,0.0,0.0,0.0,0.0,0.0,0.0,0.0,0.0
2018-02-14 07:00:00,0.0,0.0,0.0,0.0,0.0,0.0,0.0,0.0,0.0,0.0,0.0,0.0
2018-02-14 07:00:30,0.0,0.0,0.0,0.0,0.0,0.0,0.0,0.0,0.0,0.0,0.0,0.0
2018-02-14 07:01:00,0.0,0.0,0.0,0.0,0.0,0.0,0.0,0.0,0.0,0.0,0.0,0.0
2018-02-14 07:01:30,0.0,0.0,0.0,0.0,0.0,0.0,0.0,0.0,0.0,0.0,0.0,0.0
2018-02-14 07:02:00,0.0,0.0,0.0,0.0,0.0,0.0,0.0,0.0,0.0,0.0,0.0,0.0
2018-02-14 07:02:30,0.0,0.0,0.0,0.0,0.0,0.0,0.0,0.0,0.0,0.0,0.0,0.0
2018-02-14 07:03:00,0.0,0.0,0.0,0.0,0.0,0.0,0.0,0.0,0.0,0.0,0.0,0.0
2018-02-14 07:03:30,0.0,0.0,0.0,0.0,0.0,0.0,0.0,0.0,0.0,0.0,0.0,0.0
2018-02-14 07:04:00,0.0,0.0,0.0,0.0,0.0,0.0,0.0,0.0,0.0,0.0,0.0,0.0
2018-02-14 07:04:30,0.0,0.0,0.0,0.0,0.0,0.0,0.0,0.0,0.0,0.0,0.0,0.0
2018-02-14 07:05:00,0.0,0.0,0.0,0.0,0.0,0.0,0.0,0.0,0.0,0.0,0.0,0.0
2018-02-14 07:05:30,0.0,0.0,0.0,0.0,0.0,0.0,0.0,0.0,0.0,0.0,0.0,0.0
2018-02-14 07:06:00,0.0,0.0,0.0,0.0,0.0,0.0,0.0,0.0,0.0,0.0,0.0,0.0
2018-02-14 07:06:30,0.0,0.0,0.0,0.0,0.0,0.0,0.0,0.0,0.0,0.0,0.0,0.0
2018-02-14 07:07:00,0.0,0.0,0.0,0.0,0.0,0.0,0.0,0.0,0.0,0.0,0.0,0.0
2018-02-14 07:07:30,0.0,0.0,0.0,0.0,0.0,0.0,0.0,0.0,0.0,0.0,0.0,0.0
2018-02-14 07:08:00,0.0,0.0,0.0,0.0,0.0,0.0,0.0,0.0,0.0,0.0,0.0,0.0
2018-02-14 07:08:30,0.0,0.0,0.0,0.0,0.0,0.0,0.0,0.0,0.0,0.0,0.0,0.0
2018-02-14 07:09:00,0.0,0.0,0.0,0.0,0.0,0.0,0.0,0.0,0.0,0.0,0.0,0.0
2018-02-14 07:09:30,0.0,0.0,0.0,0.0,0.0,0.0,0.0,0.0,0.0,0.0,0.0,0.0
2018-02-14 07:10:00,0.0,0.0,0.0,0.0,0.0,0.0,0.0,0.0,0.0,0.0,0.0,0.0
2018-02-14 07:10:30,0.0,0.0,0.0,0.0,0.0,0.0,0.0,0.0,0.0,0.0,0.0,0.0
2018-02-14 07:11:00,0.0,0.0,0.0,0.0,0.0,0.0,0.0,0.0,0.0,0.0,0.0,0.0
2018-02-14 07:11:30,0.0,0.0,0.0,0.0,0.0,0.0,0.0,0.0,0.0,0.0,0.0,0.0
2018-02-14 07:12:00,0.0,0.0,0.0,0.0,0.0,0.0,0.0,0.0,0.0,0.0,0.0,0.0
2018-02-14 07:12:30,0.0,0.0,0.0,0.0,0.0,0.0,0.0,0.0,0.0,0.0,0.0,0.0
2018-02-14 07:13:00,0.0,0.0,0.0,0.0,0.0,0.0,0.0,0.0,0.0,0.0,0.0,0.0
2018-02-14 07:13:30,0.0,0.0,0.0,0.0,0.0,0.0,0.0,0.0,0.0,0.0,0.0,0.0
2018-02-14 07:14:00,0.0,0.0,0.0,0.0,0.0,0.0,0.0,0.0,0.0,0.0,0.0,0.0
2018-02-14 07:14:30,0.0,0.0,0.0,0.0,0.0,0.0,0.0,0.0,0.0,0.0,0.0,0.0
2018-02-14 07:15:00,0.0,0.0,0.0,0.0,0.0,0.0,0.0,0.0,0.0,0.0,0.0,0.0
2018-02-14 07:15:30,0.0,0.0,0.0,0.0,0.0,0.0,0.0,0.0,0.0,0.0,0.0,0.0
2018-02-14 07:16:00,0.0,0.0,0.0,0.0,0.0,0.0,0.0,0.0,0.0,0.0,0.0,0.0
2018-02-14 07:16:30,0.0,0.0,0.0,0.0,0.0,0.0,0.0,0.0,0.0,0.0,0.0,0.0
2018-02-14 07:17:00,0.0,0.0,0.0,0.0,0.0,0.0,0.0,0.0,0.0,0.0,0.0,0.0
2018-02-14 07:17:30,0.0,0.0,0.0,0.0,0.0,0.0,0.0,0.0,0.0,0.0,0.0,0.0
2018-02-14 07:18:00,0.0,0.0,0.0,0.0,0.0,0.0,0.0,0.0,0.0,0.0,0.0,0.0
2018-02-14 07:18:30,0.0,0.0,0.0,0.0,0.0,0.0,0.0,0.0,0.0,0.0,0.0,0.0
2018-02-14 07:19:00,0.0,0.0,0.0,0.0,0.0,0.0,0.0,0.0,0.0,0.0,0.0,0.0
2018-02-14 07:19:30,0.0,0.0,0.0,0.0,0.0,0.0,0.0,0.0,0.0,0.0,0.0,0.0
2018-02-14 07:20:00,0.0,0.0,0.0,0.0,0.0,0.0,0.0,0.0,0.0,0.0,0.0,0.0
2018-02-14 07:20:30,0.0,0.0,0.0,0.0,0.0,0.0,0.0,0.0,0.0,0.0,0.0,0.0
2018-02-14 07:21:00,0.0,0.0,0.0,0.0,0.0,0.0,0.0,0.0,0.0,0.0,0.0,0.0
2018-02-14 07:21:30,0.0,0.0,0.0,0.0,0.0,0.0,0.0,0.0,0.0,0.0,0.0,0.0
2018-02-14 07:22:00,0.0,0.0,0.0,0.0,0.0,0.0,0.0,0.0,0.0,0.0,0.0,0.0
2018-02-14 07:22:30,0.0,0.0,0.0,0.0,0.0,0.0,0.0,0.0,0.0,0.0,0.0,0.0
2018-02-14 07:23:00,0.0,0.0,0.0,0.0,0.0,0.0,0.0,0.0,0.0,0.0,0.0,0.0
2018-02-14 07:23:30,0.0,0.0,0.0,0.0,0.0,0.0,0.0,0.0,0.0,0.0,0.0,0.0
2018-02-14 07:24:00,0.0,0.0,0.0,0.0,0.0,0.0,0.0,0.0,0.0,0.0,0.0,0.0
2018-02-14 07:24:30,0.0,0.0,0.0,0.0,0.0,0.0,0.0,0.0,0.0,0.0,0.0,0.0
2018-02-14 07:25:00,0.0,0.0,0.0,0.0,0.0,0.0,0.0,0.0,0.0,0.0,0.0,0.0
2018-02-14 07:25:30,0.0,0.0,0.0,0.0,0.0,0.0,0.0,0.0,0.0,0.0,0.0,0.0
2018-02-14 07:26:00,0.0,0.0,0.0,0.0,0.0,0.0,0.0,0.0,0.0,0.0,0.0,0.0
2018-02-14 07:26:30,0.0,0.0,0.0,0.0,0.0,0.0,0.0,0.0,0.0,0.0,0.0,0.0
2018-02-14 07:27:00,0.0,0.0,0.0,0.0,0.0,0.0,0.0,0.0,0.0,0.0,0.0,0.0
2018-02-14 07:27:30,0.0,0.0,0.0,0.0,0.0,0.0,0.0,0.0,0.0,0.0,0.0,0.0
2018-02-14 07:28:00,0.0,0.0,0.0,0.0,0.0,0.0,0.0,0.0,0.0,0.0,0.0,0.0
2018-02-14 07:28:30,0.0,0.0,0.0,0.0,0.0,0.0,0.0,0.0,0.0,0.0,0.0,0.0
2018-02-14 07:29:00,0.0,0.0,0.0,0.0,0.0,0.0,0.0,0.0,0.0,0.0,0.0,0.0
2018-02-14 07:29:30,0.0,0.0,0.0,0.0,0.0,0.0,0.0,0.0,0.0,0.0,0.0,0.0
2018-02-14 07:30:00,0.0,0.0,0.0,0.0,0.0,0.0,0.0,0.0,0.0,0.0,0.0,0.0
2018-02-14 07:30:30,0.0,0.0,0.0,0.0,0.0,0.0,0.0,0.0,0.0,0.0,0.0,0.0
2018-02-14 07:31:00,0.0,0.0,0.0,0.0,0.0,0.0,0.0,0.0,0.0,0.0,0.0,0.0
2018-02-14 07:31:30,0.0,0.0,0.0,0.0,0.0,0.0,0.0,0.0,0.0,0.0,0.0,0.0
2018-02-14 07:32:00,0.0,0.0,0.0,0.0,0.0,0.0,0.0,0.0,0.0,0.0,0.0,0.0
2018-02-14 07:32:30,0.0,0.0,0.0,0.0,0.0,0.0,0.0,0.0,0.0,0.0,0.0,0.0
2018-02-14 07:33:00,0.0,0.0,0.0,0.0,0.0,0.0,0.0,0.0,0.0,0.0,0.0,0.0
2018-02-14 07:33:30,0.0,0.0,0.0,0.0,0.0,0.0,0.0,0.0,0.0,0.0,0.0,0.0
2018-02-14 07:34:00,0.0,0.0,0.0,0.0,0.0,0.0,0.0,0.0,0.0,0.0,0.0,0.0
2018-02-14 07:34:30,0.0,0.0,0.0,0.0,0.0,0.0,0.0,0.0,0.0,0.0,0.0,0.0
2018-02-14 07:35:00,0.0,0.0,0.0,0.0,0.0,0.0,0.0,0.0,0.0,0.0,0.0,0.0
2018-02-14 07:35:30,0.0,0.0,0.0,0.0,0.0,0.0,0.0,0.0,0.0,0.0,0.0,0.0
2018-02-14 07:36:00,0.0,0.0,0.0,0.0,0.0,0.0,0.0,0.0,0.0,0.0,0.0,0.0
2018-02-14 07:36:30,0.0,0.0,0.0,0.0,0.0,0.0,0.0,0.0,0.0,0.0,0.0,0.0
2018-02-14 07:37:00,0.0,0.0,0.0,0.0,0.0,0.0,0.0,0.0,0.0,0.0,0.0,0.0
2018-02-14 07:37:30,0.0,0.0,0.0,0.0,0.0,0.0,0.0,0.0,0.0,0.0,0.0,0.0
2018-02-14 07:38:00,0.0,0.0,0.0,0.0,0.0,0.0,0.0,0.0,0.0,0.0,0.0,0.0
2018-02-14 07:38:30,0.0,0.0,0.0,0.0,0.0,0.0,0.0,0.0,0.0,0.0,0.0,0.0
2018-02-14 07:39:00,0.0,0.0,0.0,0.0,0.0,0.0,0.0,0.0,0.0,0.0,0.0,0.0
2018-02-14 07:39:30,0.0,0.0,0.0,0.0,0.0,0.0,0.0,0.0,0.0,0.0,0.0,0.0
2018-02-14 07:40:00,0.0,0.0,0.0,0.0,0.0,0.0,0.0,0.0,0.0,0.0,0.0,0.0
2018-02-14 07:40:30,0.0,0.0,0.0,0.0,0.0,0.0,0.0,0.0,0.0,0.0,0.0,0.0
2018-02-14 07:41:00,0.0,0.0,0.0,0.0,0.0,0.0,0.0,0.0,0.0,0.0,0.0,0.0
2018-02-14 07:41:30,0.0,0.0,0.0,0.0,0.0,0.0,0.0,0.0,0.0,0.0,0.0,0.0
2018-02-14 07:42:00,0.0,0.0,0.0,0.0,0.0,0.0,0.0,0.0,0.0,0.0,0.0,0.0
2018-02-14 07:42:30,0.0,0.0,0.0,0.0,0.0,0.0,0.0,0.0,0.0,0.0,0.0,0.0
2018-02-14 07:43:00,0.0,0.0,0.0,0.0,0.0,0.0,0.0,0.0,0.0,0.0,0.0,0.0
2018-02-14 07:43:30,0.0,0.0,0.0,0.0,0.0,0.0,0.0,0.0,0.0,0.0,0.0,0.0
2018-02-14 07:44:00,0.0,0.0,0.0,0.0,0.0,0.0,0.0,0.0,0.0,0.0,0.0,0.0
2018-02-14 07:44:30,0.0,0.0,0.0,0.0,0.0,0.0,0.0,0.0,0.0,0.0,0.0,0.0
2018-02-14 07:45:00,0.0,0.0,0.0,0.0,0.0,0.0,0.0,0.0,0.0,0.0,0.0,0.0
2018-02-14 07:45:30,0.0,0.0,0.0,0.0,0.0,0.0,0.0,0.0,0.0,0.0,0.0,0.0
2018-02-14 07:46:00,0.0,0.0,0.0,0.0,0.0,0.0,0.0,0.0,0.0,0.0,0.0,0.0
2018-02-14 07:46:30,0.0,0.0,0.0,0.0,0.0,0.0,0.0,0.0,0.0,0.0,0.0,0.0
2018-02-14 07:47:00,0.0,0.0,0.0,0.0,0.0,0.0,0.0,0.0,0.0,0.0,0.0,0.0
2018-02-14 07:47:30,0.0,0.0,0.0,0.0,0.0,0.0,0.0,0.0,0.0,0.0,0.0,0.0
2018-02-14 07:48:00,0.0,0.0,0.0,0.0,0.0,0.0,0.0,0.0,0.0,0.0,0.0,0.0
2018-02-14 07:48:30,0.0,0.0,0.0,0.0,0.0,0.0,0.0,0.0,0.0,0.0,0.0,0.0
2018-02-14 07:49:00,0.0,0.0,0.0,0.0,0.0,0.0,0.0,0.0,0.0,0.0,0.0,0.0
2018-02-14 07:49:30,0.0,0.0,0.0,0.0,0.0,0.0,0.0,0.0,0.0,0.0,0.0,0.0
2018-02-14 07:50:00,0.0,0.0,0.0,0.0,0.0,0.0,0.0,0.0,0.0,0.0,0.0,0.0
2018-02-14 07:50:30,0.0,0.0,0.0,0.0,0.0,0.0,0.0,0.0,0.0,0.0,0.0,0.0
2018-02-14 07:51:00,0.0,0.0,0.0,0.0,0.0,0.0,0.0,0.0,0.0,0.0,0.0,0.0
2018-02-14 07:51:30,0.0,0.0,0.0,0.0,0.0,0.0,0.0,0.0,0.0,0.0,0.0,0.0
2018-02-14 07:52:00,0.0,0.0,0.0,0.0,0.0,0.0,0.0,0.0,0.0,0.0,0.0,0.0
2018-02-14 07:52:30,0.0,0.0,0.0,0.0,0.0,0.0,0.0,0.0,0.0,0.0,0.0,0.0
2018-02-14 07:53:00,0.0,0.0,0.0,0.0,0.0,0.0,0.0,0.0,0.0,0.0,0.0,0.0
2018-02-14 07:53:30,0.0,0.0,0.0,0.0,0.0,0.0,0.0,0.0,0.0,0.0,0.0,0.0
2018-02-14 07:54:00,0.0,0.0,0.0,0.0,0.0,0.0,0.0,0.0,0.0,0.0,0.0,0.0
2018-02-14 07:54:30,0.0,0.0,0.0,0.0,0.0,0.0,0.0,0.0,0.0,0.0,0.0,0.0
2018-02-14 07:55:00,0.0,0.0,0.0,0.0,0.0,0.0,0.0,0.0,0.0,0.0,0.0,0.0
2018-02-14 07:55:30,0.0,0.0,0.0,0.0,0.0,0.0,0.0,0.0,0.0,0.0,0.0,0.0
2018-02-14 07:56:00,0.0,0.0,0.0,0.0,0.0,0.0,0.0,0.0,0.0,0.0,0.0,0.0
2018-02-14 07:56:30,0.0,0.0,0.0,0.0,0.0,0.0,0.0,0.0,0.0,0.0,0.0,0.0
2018-02-14 07:57:00,0.0,0.0,0.0,0.0,0.0,0.0,0.0,0.0,0.0,0.0,0.0,0.0
2018-02-14 07:57:30,0.0,0.0,0.0,0.0,0.0,0.0,0.0,0.0,0.0,0.0,0.0,0.0
2018-02-14 07:58:00,0.0,0.0,0.0,0.0,0.0,0.0,0.0,0.0,0.0,0.0,0.0,0.0
2018-02-14 07:58:30,0.0,0.0,0.0,0.0,0.0,0.0,0.0,0.0,0.0,0.0,0.0,0.0
2018-02-14 07:59:00,0.0,0.0,0.0,0.0,0.0,0.0,0.0,0.0,0.0,0.0,0.0,0.0
2018-02-14 07:59:30,0.0,0.0,0.0,0.0,0.0,0.0,0.0,0.0,0.0,0.0,0.0,0.0
2018-02-14 08:00:00,0.0,0.0,0.0,0.0,0.0,0.0,0.0,0.0,0.0,0.0,0.0,0.0
2018-02-14 08:00:30,0.0,0.0,0.0,0.0,0.0,0.0,0.0,0.0,0.0,0.0,0.0,0.0
2018-02-14 08:01:00,0.0,0.0,0.0,0.0,0.0,0.0,0.0,0.0,0.0,0.0,0.0,0.0
2018-02-14 08:01:30,0.0,0.0,0.0,0.0,0.0,0.0,0.0,0.0,0.0,0.0,0.0,0.0
2018-02-14 08:02:00,0.0,0.0,0.0,0.0,0.0,0.0,0.0,0.0,0.0,0.0,0.0,0.0
2018-02-14 08:02:30,0.0,0.0,0.0,0.0,0.0,0.0,0.0,0.0,0.0,0.0,0.0,0.0
2018-02-14 08:03:00,0.0,0.0,0.0,0.0,0.0,0.0,0.0,0.0,0.0,0.0,0.0,0.0
2018-02-14 08:03:30,0.0,0.0,0.0,0.0,0.0,0.0,0.0,0.0,0.0,0.0,0.0,0.0
2018-02-14 08:04:00,0.0,0.0,0.0,0.0,0.0,0.0,0.0,0.0,0.0,0.0,0.0,0.0
2018-02-14 08:04:30,0.0,0.0,0.0,0.0,0.0,0.0,0.0,0.0,0.0,0.0,0.0,0.0
2018-02-14 08:05:00,0.0,0.0,0.0,0.0,0.0,0.0,0.0,0.0,0.0,0.0,0.0,0.0
2018-02-14 08:05:30,0.0,0.0,0.0,0.0,0.0,0.0,0.0,0.0,0.0,0.0,0.0,0.0
2018-02-14 08:06:00,0.0,0.0,0.0,0.0,0.0,0.0,0.0,0.0,0.0,0.0,0.0,0.0
2018-02-14 08:06:30,0.0,0.0,0.0,0.0,0.0,0.0,0.0,0.0,0.0,0.0,0.0,0.0
2018-02-14 08:07:00,0.0,0.0,0.0,0.0,0.0,0.0,0.0,0.0,0.0,0.0,0.0,0.0
2018-02-14 08:07:30,0.0,0.0,0.0,0.0,0.0,0.0,0.0,0.0,0.0,0.0,0.0,0.0
2018-02-14 08:08:00,0.0,0.0,0.0,0.0,0.0,0.0,0.0,0.0,0.0,0.0,0.0,0.0
2018-02-14 08:08:30,0.0,0.0,0.0,0.0,0.0,0.0,0.0,0.0,0.0,0.0,0.0,0.0
2018-02-14 08:09:00,0.0,0.0,0.0,0.0,0.0,0.0,0.0,0.0,0.0,0.0,0.0,0.0
2018-02-14 08:09:30,0.0,0.0,0.0,0.0,0.0,0.0,0.0,0.0,0.0,0.0,0.0,0.0
2018-02-14 08:10:00,0.0,0.0,0.0,0.0,0.0,0.0,0.0,0.0,0.0,0.0,0.0,0.0
2018-02-14 08:10:30,0.0,0.0,0.0,0.0,0.0,0.0,0.0,0.0,0.0,0.0,0.0,0.0
2018-02-14 08:11:00,0.0,0.0,0.0,0.0,0.0,0.0,0.0,0.0,0.0,0.0,0.0,0.0
2018-02-14 08:11:30,0.0,0.0,0.0,0.0,0.0,0.0,0.0,0.0,0.0,0.0,0.0,0.0
2018-02-14 08:12:00,0.0,0.0,0.0,0.0,0.0,0.0,0.0,0.0,0.0,0.0,0.0,0.0
2018-02-14 08:12:30,0.0,0.0,0.0,0.0,0.0,0.0,0.0,0.0,0.0,0.0,0.0,0.0
2018-02-14 08:13:00,0.0,0.0,0.0,0.0,0.0,0.0,0.0,0.0,0.0,0.0,0.0,0.0
2018-02-14 08:13:30,0.0,0.0,0.0,0.0,0.0,0.0,0.0,0.0,0.0,0.0,0.0,0.0
2018-02-14 08:14:00,0.0,0.0,0.0,0.0,0.0,0.0,0.0,0.0,0.0,0.0,0.0,0.0
2018-02-14 08:14:30,0.0,0.0,0.0,0.0,0.0,0.0,0.0,0.0,0.0,0.0,0.0,0.0
2018-02-14 08:15:00,0.0,0.0,0.0,0.0,0.0,0.0,0.0,0.0,0.0,0.0,0.0,0.0
2018-02-14 08:15:30,0.0,0.0,0.0,0.0,0.0,0.0,0.0,0.0,0.0,0.0,0.0,0.0
2018-02-14 08:16:00,0.0,0.0,0.0,0.0,0.0,0.0,0.0,0.0,0.0,0.0,0.0,0.0
2018-02-14 08:16:30,0.0,0.0,0.0,0.0,0.0,0.0,0.0,0.0,0.0,0.0,0.0,0.0
2018-02-14 08:17:00,0.0,0.0,0.0,0.0,0.0,0.0,0.0,0.0,0.0,0.0,0.0,0.0
2018-02-14 08:17:30,0.0,0.0,0.0,0.0,0.0,0.0,0.0,0.0,0.0,0.0,0.0,0.0
2018-02-14 08:18:00,0.0,0.0,0.0,0.0,0.0,0.0,0.0,0.0,0.0,0.0,0.0,0.0
2018-02-14 08:18:30,0.0,0.0,0.0,0.0,0.0,0.0,0.0,0.0,0.0,0.0,0.0,0.0
2018-02-14 08:19:00,0.0,0.0,0.0,0.0,0.0,0.0,0.0,0.0,0.0,0.0,0.0,0.0
2018-02-14 08:19:30,0.0,0.0,0.0,0.0,0.0,0.0,0.0,0.0,0.0,0.0,0.0,0.0
2018-02-14 08:20:00,0.0,0.0,0.0,0.0,0.0,0.0,0.0,0.0,0.0,0.0,0.0,0.0
2018-02-14 08:20:30,0.0,0.0,0.0,0.0,0.0,0.0,0.0,0.0,0.0,0.0,0.0,0.0
2018-02-14 08:21:00,0.0,0.0,0.0,0.0,0.0,0.0,0.0,0.0,0.0,0.0,0.0,0.0
2018-02-14 08:21:30,0.0,0.0,0.0,0.0,0.0,0.0,0.0,0.0,0.0,0.0,0.0,0.0
2018-02-14 08:22:00,0.0,0.0,0.0,0.0,0.0,0.0,0.0,0.0,0.0,0.0,0.0,0.0
2018-02-14 08:22:30,0.0,0.0,0.0,0.0,0.0,0.0,0.0,0.0,0.0,0.0,0.0,0.0
2018-02-14 08:23:00,0.0,0.0,0.0,0.0,0.0,0.0,0.0,0.0,0.0,0.0,0.0,0.0
2018-02-14 08:23:30,0.0,0.0,0.0,0.0,0.0,0.0,0.0,0.0,0.0,0.0,0.0,0.0
2018-02-14 08:24:00,0.0,0.0,0.0,0.0,0.0,0.0,0.0,0.0,0.0,0.0,0.0,0.0
2018-02-14 08:24:30,0.0,0.0,0.0,0.0,0.0,0.0,0.0,0.0,0.0,0.0,0.0,0.0
2018-02-14 08:25:00,0.0,0.0,0.0,0.0,0.0,0.0,0.0,0.0,0.0,0.0,0.0,0.0
2018-02-14 08:25:30,0.0,0.0,0.0,0.0,0.0,0.0,0.0,0.0,0.0,0.0,0.0,0.0
2018-02-14 08:26:00,0.0,0.0,0.0,0.0,0.0,0.0,0.0,0.0,0.0,0.0,0.0,0.0
2018-02-14 08:26:30,0.0,0.0,0.0,0.0,0.0,0.0,0.0,0.0,0.0,0.0,0.0,0.0
2018-02-14 08:27:00,0.0,0.0,0.0,0.0,0.0,0.0,0.0,0.0,0.0,0.0,0.0,0.0
2018-02-14 08:27:30,0.0,0.0,0.0,0.0,0.0,0.0,0.0,0.0,0.0,0.0,0.0,0.0
2018-02-14 08:28:00,0.0,0.0,0.0,0.0,0.0,0.0,0.0,0.0,0.0,0.0,0.0,0.0
2018-02-14 08:28:30,0.0,0.0,0.0,0.0,0.0,0.0,0.0,0.0,0.0,0.0,0.0,0.0
2018-02-14 08:29:00,0.0,0.0,0.0,0.0,0.0,0.0,0.0,0.0,0.0,0.0,0.0,0.0
2018-02-14 08:29:30,0.0,0.0,0.0,0.0,0.0,0.0,0.0,0.0,0.0,0.0,0.0,0.0
2018-02-14 08:30:00,0.0,0.0,0.0,0.0,0.0,0.0,0.0,0.0,0.0,0.0,0.0,0.0
2018-02-14 08:30:30,0.6444618356720924,0.007451686865378316,0.007149625290722716,0.00024063747122102746,0.001216520175015576,1.1569732221241438e-05,1.907654698085483e-06,0.014304672005622038,0.5232309008096903,1.0,1.0,0.0
2018-02-14 08:31:00,1.0,0.0002456600065509335,0.0,0.0,0.0,0.0,2.1196735336756523e-08,1.0,0.0,0.0,0.0,0.0
2018-02-14 08:31:30,0.0,0.0,0.0,0.0,0.0,0.0,0.0,0.0,0.0,0.0,0.0,0.0
2018-02-14 08:32:00,0.0,0.0,0.0,0.0,0.0,0.0,0.0,0.0,0.0,0.0,0.0,0.0
2018-02-14 08:32:30,0.0,0.0,0.0,0.0,0.0,0.0,0.0,0.0,0.0,0.0,0.0,0.0
2018-02-14 08:33:00,0.0,0.0,0.0,0.0,0.0,0.0,0.0,0.0,0.0,0.0,0.0,0.0
2018-02-14 08:33:30,0.9999977539405271,0.0002456600065509335,0.0,0.0,0.0,0.0,2.1196782930314816e-08,0.9999977539405271,0.0,0.0,0.0,0.0
2018-02-14 08:34:00,0.0,0.0,0.0,0.0,0.0,0.0,0.0,0.0,0.0,0.0,0.0,0.0
2018-02-14 08:34:30,0.0,0.0,0.0,0.0,0.0,0.0,0.0,0.0,0.0,0.0,0.0,0.0
2018-02-14 08:35:00,0.0,0.0,0.0,0.0,0.0,0.0,0.0,0.0,0.0,0.0,0.0,0.0
2018-02-14 08:35:30,0.0,0.0,0.0,0.0,0.0,0.0,0.0,0.0,0.0,0.0,0.0,0.0
2018-02-14 08:36:00,0.0,0.0,0.0,0.0,0.0,0.0,0.0,0.0,0.0,0.0,0.0,0.0
2018-02-14 08:36:30,0.999972514624,0.0002456600065509335,0.0,0.0,0.0,0.0,2.1197317920112213e-08,0.999972514624,0.0,0.0,0.0,0.0
2018-02-14 08:37:00,0.0,0.0,0.0,0.0,0.0,0.0,0.0,0.0,0.0,0.0,0.0,0.0
2018-02-14 08:37:30,0.0,0.0,0.0,0.0,0.0,0.0,0.0,0.0,0.0,0.0,0.0,0.0
2018-02-14 08:38:00,0.0,0.0,0.0,0.0,0.0,0.0,0.0,0.0,0.0,0.0,0.0,0.0
2018-02-14 08:38:30,0.0,0.0,0.0,0.0,0.0,0.0,0.0,0.0,0.0,0.0,0.0,0.0
2018-02-14 08:39:00,0.9999890005229768,0.0002456600065509335,0.0,0.0,0.0,0.0,2.119696844968669e-08,0.9999890005229768,0.0,0.0,0.0,0.0
2018-02-14 08:39:30,0.0,0.0,0.0,0.0,0.0,0.0,0.0,0.0,0.0,0.0,0.0,0.0
2018-02-14 08:40:00,0.06772815674093184,0.002374713396659024,0.0018089413386165906,7.46352156833968e-05,0.003155349203946651,4.128428511296911e-05,2.671440854060282e-06,0.010104900987727441,0.4133727307487566,0.0,0.0,0.0
2018-02-14 08:40:30,0.062049310522329655,0.0013101867016049786,0.0010336807649237662,3.882159203682982e-05,0.0016002027533625026,4.485808709870665e-05,3.1883705822733177e-06,0.008273241402977293,0.32153057191038814,0.0,0.0,0.0
2018-02-14 08:41:00,0.0,0.0,0.0,0.0,0.0,0.0,0.0,0.0,0.0,0.0,0.0,0.0
2018-02-14 08:41:30,0.0,0.0,0.0,0.0,0.0,0.0,0.0,0.0,0.0,0.0,0.0,0.0
2018-02-14 08:42:00,0.9999957830899225,0.0002456600065509335,0.0,0.0,0.0,0.0,2.119682471395713e-08,0.9999957830899225,0.0,0.0,0.0,0.0
2018-02-14 08:42:30,0.0,0.0,0.0,0.0,0.0,0.0,0.0,0.0,0.0,0.0,0.0,0.0
2018-02-14 08:43:00,0.0,0.0,0.0,0.0,0.0,0.0,0.0,0.0,0.0,0.0,0.0,0.0
2018-02-14 08:43:30,0.0,0.0,0.0,0.0,0.0,0.0,0.0,0.0,0.0,0.0,0.0,0.0
2018-02-14 08:44:00,0.0,0.0,0.0,0.0,0.0,0.0,0.0,0.0,0.0,0.0,0.0,0.0
2018-02-14 08:44:30,0.0,0.0,0.0,0.0,0.0,0.0,0.0,0.0,0.0,0.0,0.0,0.0
2018-02-14 08:45:00,0.9999864792546357,0.0002456600065509335,0.0,0.0,0.0,0.0,2.119702193274885e-08,0.9999864792546357,0.0,0.0,0.0,0.0
2018-02-14 08:45:30,0.0,0.0,0.0,0.0,0.0,0.0,0.0,0.0,0.0,0.0,0.0,0.0
2018-02-14 08:46:00,0.0,0.0,0.0,0.0,0.0,0.0,0.0,0.0,0.0,0.0,0.0,0.0
2018-02-14 08:46:30,0.0,0.0,0.0,0.0,0.0,0.0,0.0,0.0,0.0,0.0,0.0,0.0
2018-02-14 08:47:00,0.004321218085577453,0.012283000327546674,0.007752605736928246,0.0002007818900500448,0.009833538081375907,0.0001247229026738325,1.309715605294927e-05,0.0021606090427887265,0.07199565056003165,0.0,0.0,0.0
2018-02-14 08:47:30,0.253267108787642,0.001473960039305601,0.0007752605736928245,1.9332463508251814e-05,0.0009665984955418901,9.064226161023592e-05,9.7523655632765e-06,0.2516321239735342,0.05450404280681588,0.0,0.0,0.0
2018-02-14 08:48:00,0.0,0.0,0.0,0.0,0.0,0.0,0.0,0.0,0.0,0.0,0.0,0.0
2018-02-14 08:48:30,0.0,0.0,0.0,0.0,0.0,0.0,0.0,0.0,0.0,0.0,0.0,0.0
2018-02-14 08:49:00,0.0,0.0,0.0,0.0,0.0,0.0,0.0,0.0,0.0,0.0,0.0,0.0
2018-02-14 08:49:30,0.0,0.0,0.0,0.0,0.0,0.0,0.0,0.0,0.0,0.0,0.0,0.0
2018-02-14 08:50:00,0.0,0.0,0.0,0.0,0.0,0.0,0.0,0.0,0.0,0.0,0.0,0.0
2018-02-14 08:50:30,0.9999927646700776,0.0002456600065509335,0.0,0.0,0.0,0.0,2.119688870262079e-08,0.9999927646700776,0.0,0.0,0.0,0.0
2018-02-14 08:51:00,0.0,0.0,0.0,0.0,0.0,0.0,0.0,0.0,0.0,0.0,0.0,0.0
2018-02-14 08:51:30,0.0,0.0,0.0,0.0,0.0,0.0,0.0,0.0,0.0,0.0,0.0,0.0
2018-02-14 08:52:00,0.0,0.0,0.0,0.0,0.0,0.0,0.0,0.0,0.0,0.0,0.0,0.0
2018-02-14 08:52:30,0.0,0.0,0.0,0.0,0.0,0.0,0.0,0.0,0.0,0.0,0.0,0.0
2018-02-14 08:53:00,0.0,0.0,0.0,0.0,0.0,0.0,0.0,0.0,0.0,0.0,0.0,0.0
2018-02-14 08:53:30,0.9999941939806513,0.0002456600065509335,0.0,0.0,0.0,0.0,2.119685837963465e-08,0.9999941939806513,0.0,0.0,0.0,0.0
2018-02-14 08:54:00,0.0,0.0,0.0,0.0,0.0,0.0,0.0,0.0,0.0,0.0,0.0,0.0
2018-02-14 08:54:30,0.0,0.0,0.0,0.0,0.0,0.0,0.0,0.0,0.0,0.0,0.0,0.0
2018-02-14 08:55:00,0.0,0.0,0.0,0.0,0.0,0.0,0.0,0.0,0.0,0.0,0.0,0.0
2018-02-14 08:55:30,0.0,0.0,0.0,0.0,0.0,0.0,0.0,0.0,0.0,0.0,0.0,0.0
2018-02-14 08:56:00,0.9999949929741396,0.0002456600065509335,0.0,0.0,0.0,0.0,2.1196841427414056e-08,0.9999949929741396,0.0,0.0,0.0,0.0
2018-02-14 08:56:30,0.0,0.0,0.0,0.0,0.0,0.0,0.0,0.0,0.0,0.0,0.0,0.0
2018-02-14 08:57:00,0.0,0.0,0.0,0.0,0.0,0.0,0.0,0.0,0.0,0.0,0.0,0.0
2018-02-14 08:57:30,0.0,0.0,0.0,0.0,0.0,0.0,0.0,0.0,0.0,0.0,0.0,0.0
2018-02-14 08:58:00,6.001328868214449e-06,8.188666885031116e-05,8.614006374364717e-05,9.399901219571385e-06,0.00023161755646997949,0.08306659751402551,0.002354671305367732,0.0,0.0,0.0,0.0,0.0
2018-02-14 08:58:30,0.0,0.0,0.0,0.0,0.0,0.0,0.0,0.0,0.0,0.0,0.0,0.0
2018-02-14 08:59:00,0.9999963778961861,0.0002456600065509335,0.0,0.0,0.0,0.0,2.1196812059482598e-08,0.9999963778961861,0.0,0.0,0.0,0.0
2018-02-14 08:59:30,0.0,0.0,0.0,0.0,0.0,0.0,0.0,0.0,0.0,0.0,0.0,0.0
2018-02-14 09:00:00,0.0,0.0,0.0,0.0,0.0,0.0,0.0,0.0,0.0,0.0,0.0,0.0
2018-02-14 09:00:30,0.0,0.0,0.0,0.0,0.0,0.0,0.0,0.0,0.0,0.0,0.0,0.0
2018-02-14 09:01:00,0.0,0.0,0.0,0.0,0.0,0.0,0.0,0.0,0.0,0.0,0.0,0.0
2018-02-14 09:01:30,0.9999913975034419,0.0002456600065509335,0.0,0.0,0.0,0.0,2.1196917672612794e-08,0.9999913975034419,0.0,0.0,0.0,0.0
2018-02-14 09:02:00,0.0,0.0,0.0,0.0,0.0,0.0,0.0,0.0,0.0,0.0,0.0,0.0
2018-02-14 09:02:30,0.0,0.0,0.0,0.0,0.0,0.0,0.0,0.0,0.0,0.0,0.0,0.0
2018-02-14 09:03:00,0.0,0.0,0.0,0.0,0.0,0.0,0.0,0.0,0.0,0.0,0.0,0.0
2018-02-14 09:03:30,0.0,0.0,0.0,0.0,0.0,0.0,0.0,0.0,0.0,0.0,0.0,0.0
2018-02-14 09:04:00,0.0,0.0,0.0,0.0,0.0,0.0,0.0,0.0,0.0,0.0,0.0,0.0
2018-02-14 09:04:30,0.9999905985099535,0.0002456600065509335,0.0,0.0,0.0,0.0,2.1196934624833388e-08,0.9999905985099535,0.0,0.0,0.0,0.0
2018-02-14 09:05:00,0.020481825210781807,0.0011464133639043563,0.0010336807649237662,3.882159203682982e-05,0.0016002027533625026,0.00013589674490338836,8.969173281722496e-06,0.0031510500324279677,0.11042029968993285,0.0,0.0,0.0
2018-02-14 09:05:30,0.0,0.0,0.0,0.0,0.0,0.0,0.0,0.0,0.0,0.0,0.0,0.0
2018-02-14 09:06:00,0.0,0.0,0.0,0.0,0.0,0.0,0.0,0.0,0.0,0.0,0.0,0.0
2018-02-14 09:06:30,0.0,0.0,0.0,0.0,0.0,0.0,0.0,0.0,0.0,0.0,0.0,0.0
2018-02-14 09:07:00,0.0,0.0,0.0,0.0,0.0,0.0,0.0,0.0,0.0,0.0,0.0,0.0
2018-02-14 09:07:30,0.9999904387112559,0.0002456600065509335,0.0,0.0,0.0,0.0,2.1196937967524775e-08,0.9999904387112559,0.0,0.0,0.0,0.0
2018-02-14 09:08:00,0.0,0.0,0.0,0.0,0.0,0.0,0.0,0.0,0.0,0.0,0.0,0.0
2018-02-14 09:08:30,0.0,0.0,0.0,0.0,0.0,0.0,0.0,0.0,0.0,0.0,0.0,0.0
2018-02-14 09:09:00,0.0,0.0,0.0,0.0,0.0,0.0,0.0,0.0,0.0,0.0,0.0,0.0
2018-02-14 09:09:30,0.0,0.0,0.0,0.0,0.0,0.0,0.0,0.0,0.0,0.0,0.0,0.0
2018-02-14 09:10:00,0.9999933861094574,0.0002456600065509335,0.0,0.0,0.0,0.0,2.119687549103103e-08,0.9999933861094574,0.0,0.0,0.0,0.0
2018-02-14 09:10:30,0.0,0.0,0.0,0.0,0.0,0.0,0.0,0.0,0.0,0.0,0.0,0.0
2018-02-14 09:11:00,0.0,0.0,0.0,0.0,0.0,0.0,0.0,0.0,0.0,0.0,0.0,0.0
2018-02-14 09:11:30,0.0,0.0,0.0,0.0,0.0,0.0,0.0,0.0,0.0,0.0,0.0,0.0
2018-02-14 09:12:00,0.0,0.0,0.0,0.0,0.0,0.0,0.0,0.0,0.0,0.0,0.0,0.0
2018-02-14 09:12:30,0.0,0.0,0.0,0.0,0.0,0.0,0.0,0.0,0.0,0.0,0.0,0.0
2018-02-14 09:13:00,0.999994167347535,0.0002456600065509335,0.0,0.0,0.0,0.0,2.1196858936749882e-08,0.999994167347535,0.0,0.0,0.0,0.0
2018-02-14 09:13:30,0.0,0.0,0.0,0.0,0.0,0.0,0.0,0.0,0.0,0.0,0.0,0.0
2018-02-14 09:14:00,0.0,0.0,0.0,0.0,0.0,0.0,0.0,0.0,0.0,0.0,0.0,0.0
2018-02-14 09:14:30,0.0,0.0,0.0,0.0,0.0,0.0,0.0,0.0,0.0,0.0,0.0,0.0
2018-02-14 09:15:00,0.0,0.0,0.0,0.0,0.0,0.0,0.0,0.0,0.0,0.0,0.0,0.0
2018-02-14 09:15:30,0.0,0.0,0.0,0.0,0.0,0.0,0.0,0.0,0.0,0.0,0.0,0.0
2018-02-14 09:16:00,0.9999947177652714,0.0002456600065509335,0.0,0.0,0.0,0.0,2.1196847316917925e-08,0.9999947177652714,0.0,0.0,0.0,0.0
2018-02-14 09:16:30,0.0,0.0,0.0,0.0,0.0,0.0,0.0,0.0,0.0,0.0,0.0,0.0
2018-02-14 09:17:00,0.0,0.0,0.0,0.0,0.0,0.0,0.0,0.0,0.0,0.0,0.0,0.0
2018-02-14 09:17:30,0.0,0.0,0.0,0.0,0.0,0.0,0.0,0.0,0.0,0.0,0.0,0.0
2018-02-14 09:18:00,0.0,0.0,0.0,0.0,0.0,0.0,0.0,0.0,0.0,0.0,0.0,0.0
2018-02-14 09:18:30,0.9999949574633179,0.0002456600065509335,0.0,0.0,0.0,0.0,2.1196842223292957e-08,0.9999949574633179,0.0,0.0,0.0,0.0
2018-02-14 09:19:00,0.025080858362965856,0.0011464133639043563,0.0013782410198983548,3.4340972455500796e-05,0.001591754696591561,0.00010607966713789248,8.451359603962236e-06,0.0038575337328546097,0.11138256561367926,0.0,0.0,0.0
2018-02-14 09:19:30,0.0,0.0,0.0,0.0,0.0,0.0,0.0,0.0,0.0,0.0,0.0,0.0
2018-02-14 09:20:00,0.0,0.0,0.0,0.0,0.0,0.0,0.0,0.0,0.0,0.0,0.0,0.0
2018-02-14 09:20:30,0.0,0.0,0.0,0.0,0.0,0.0,0.0,0.0,0.0,0.0,0.0,0.0
2018-02-14 09:21:00,0.0,0.0,0.0,0.0,0.0,0.0,0.0,0.0,0.0,0.0,0.0,0.0
2018-02-14 09:21:30,0.9999963512630698,0.0002456600065509335,0.0,0.0,0.0,0.0,2.119681269618572e-08,0.9999963512630698,0.0,0.0,0.0,0.0
2018-02-14 09:22:00,0.0,0.0,0.0,0.0,0.0,0.0,0.0,0.0,0.0,0.0,0.0,0.0
2018-02-14 09:22:30,0.0,0.0,0.0,0.0,0.0,0.0,0.0,0.0,0.0,0.0,0.0,0.0
2018-02-14 09:23:00,0.0,0.0,0.0,0.0,0.0,0.0,0.0,0.0,0.0,0.0,0.0,0.0
2018-02-14 09:23:30,0.0,0.0,0.0,0.0,0.0,0.0,0.0,0.0,0.0,0.0,0.0,0.0
2018-02-14 09:24:00,0.0,0.0,0.0,0.0,0.0,0.0,0.0,0.0,0.0,0.0,0.0,0.0
2018-02-14 09:24:30,0.9999939098940775,0.0002456600065509335,0.0,0.0,0.0,0.0,2.11968644283143e-08,0.9999939098940775,0.0,0.0,0.0,0.0
2018-02-14 09:25:00,5.15794685271094e-06,8.188666885031116e-05,8.614006374364717e-05,9.399901219571385e-06,0.00023161755646997949,0.09664891552406402,0.0027396864069339035,0.0,0.0,0.0,0.0,0.0
2018-02-14 09:25:30,0.0,0.0,0.0,0.0,0.0,0.0,0.0,0.0,0.0,0.0,0.0,0.0
2018-02-14 09:26:00,0.0,0.0,0.0,0.0,0.0,0.0,0.0,0.0,0.0,0.0,0.0,0.0
2018-02-14 09:26:30,0.0,0.0,0.0,0.0,0.0,0.0,0.0,0.0,0.0,0.0,0.0,0.0
2018-02-14 09:27:00,0.9999960139102636,0.0002456600065509335,0.0,0.0,0.0,0.0,2.1196819779507944e-08,0.9999960139102636,0.0,0.0,0.0,0.0
2018-02-14 09:27:30,0.0,0.0,0.0,0.0,0.0,0.0,0.0,0.0,0.0,0.0,0.0,0.0
2018-02-14 09:28:00,0.0,0.0,0.0,0.0,0.0,0.0,0.0,0.0,0.0,0.0,0.0,0.0
2018-02-14 09:28:30,0.0,0.0,0.0,0.0,0.0,0.0,0.0,0.0,0.0,0.0,0.0,0.0
2018-02-14 09:29:00,0.0,0.0,0.0,0.0,0.0,0.0,0.0,0.0,0.0,0.0,0.0,0.0
2018-02-14 09:29:30,0.0,0.0,0.0,0.0,0.0,0.0,0.0,0.0,0.0,0.0,0.0,0.0
2018-02-14 09:30:00,0.5015441392544799,0.0006550933508024893,0.00043070031871823584,0.00010928951817954997,0.00047309117917272405,0.0005344932708092749,1.1465026958295032e-05,0.5007730861245113,0.01755556111895569,0.5,0.5,0.0
2018-02-14 09:30:30,0.0,0.0,0.0,0.0,0.0,0.0,0.0,0.0,0.0,0.0,0.0,0.0
2018-02-14 09:31:00,0.0,0.0,0.0,0.0,0.0,0.0,0.0,0.0,0.0,0.0,0.0,0.0
2018-02-14 09:31:30,0.0,0.0,0.0,0.0,0.0,0.0,0.0,0.0,0.0,0.0,0.0,0.0
2018-02-14 09:32:00,0.0,0.0,0.0,0.0,0.0,0.0,0.0,0.0,0.0,0.0,0.0,0.0
2018-02-14 09:32:30,0.9999960227879691,0.0002456600065509335,0.0,0.0,0.0,0.0,2.1196819620332162e-08,0.9999960227879691,0.0,0.0,0.0,0.0
2018-02-14 09:33:00,0.0,0.0,0.0,0.0,0.0,0.0,0.0,0.0,0.0,0.0,0.0,0.0
2018-02-14 09:33:30,0.0,0.0,0.0,0.0,0.0,0.0,0.0,0.0,0.0,0.0,0.0,0.0
2018-02-14 09:34:00,0.0,0.0,0.0,0.0,0.0,0.0,0.0,0.0,0.0,0.0,0.0,0.0
2018-02-14 09:34:30,0.2070789242838171,0.003357353422862758,0.003101042294771298,0.00011330014269990043,0.0005406756333402561,1.677868218490596e-05,2.6272569348543857e-06,0.010317040704962963,0.39272387986671464,1.0,1.0,0.0
2018-02-14 09:35:00,0.0,0.0,0.0,0.0,0.0,0.0,0.0,0.0,0.0,0.0,0.0,0.0
2018-02-14 09:35:30,0.9999957475791008,0.0002456600065509335,0.0,0.0,0.0,0.0,2.119682543024814e-08,0.9999957475791008,0.0,0.0,0.0,0.0
2018-02-14 09:36:00,0.0165080222186595,0.0009007533573534228,0.0009475407011801189,3.518696356526222e-05,0.001386185315165318,0.00014844570725401935,9.416193146651057e-06,0.0033016044437319003,0.09496674149001812,0.0,0.0,0.0
2018-02-14 09:36:30,0.0,0.0,0.0,0.0,0.0,0.0,0.0,0.0,0.0,0.0,0.0,0.0
2018-02-14 09:37:00,0.0,0.0,0.0,0.0,0.0,0.0,0.0,0.0,0.0,0.0,0.0,0.0
2018-02-14 09:37:30,0.0,0.0,0.0,0.0,0.0,0.0,0.0,0.0,0.0,0.0,0.0,0.0
2018-02-14 09:38:00,0.0,0.0,0.0,0.0,0.0,0.0,0.0,0.0,0.0,0.0,0.0,0.0
2018-02-14 09:38:30,0.5036757651044015,0.0007369800196528005,0.0003445602549745887,1.6293162113923735e-06,0.0007159728113372922,5.759092856673002e-05,4.813469112906283e-06,0.5014690915716583,0.05460307516287236,0.0,0.0,0.0
2018-02-14 09:39:00,0.0,0.0,0.0,0.0,0.0,0.0,0.0,0.0,0.0,0.0,0.0,0.0
2018-02-14 09:39:30,0.0,0.0,0.0,0.0,0.0,0.0,0.0,0.0,0.0,0.0,0.0,0.0
2018-02-14 09:40:00,0.0,0.0,0.0,0.0,0.0,0.0,0.0,0.0,0.0,0.0,0.0,0.0
2018-02-14 09:40:30,0.0,0.0,0.0,0.0,0.0,0.0,0.0,0.0,0.0,0.0,0.0,0.0
2018-02-14 09:41:00,0.9999963956515969,0.0002456600065509335,0.0,0.0,0.0,0.0,2.1196811741131042e-08,0.9999963956515969,0.0,0.0,0.0,0.0
2018-02-14 09:41:30,0.0,0.0,0.0,0.0,0.0,0.0,0.0,0.0,0.0,0.0,0.0,0.0
2018-02-14 09:42:00,0.04503535674912774,0.00032754667540124465,0.0003445602549745887,5.984603776460448e-06,0.0004266268669325458,1.4025808878314945e-05,1.2551166816754024e-06,0.0007881686062218796,1.0,0.0,0.0,0.0
2018-02-14 09:42:30,0.0,0.0,0.0,0.0,0.0,0.0,0.0,0.0,0.0,0.0,0.0,0.0
2018-02-14 09:43:00,0.0,0.0,0.0,0.0,0.0,0.0,0.0,0.0,0.0,0.0,0.0,0.0
2018-02-14 09:43:30,0.0,0.0,0.0,0.0,0.0,0.0,0.0,0.0,0.0,0.0,0.0,0.0
2018-02-14 09:44:00,0.9999952593053024,0.0002456600065509335,0.0,0.0,0.0,0.0,2.119683577667386e-08,0.9999952593053024,0.0,0.0,0.0,0.0
2018-02-14 09:44:30,0.0,0.0,0.0,0.0,0.0,0.0,0.0,0.0,0.0,0.0,0.0,0.0
2018-02-14 09:45:00,0.0,0.0,0.0,0.0,0.0,0.0,0.0,0.0,0.0,0.0,0.0,0.0
2018-02-14 09:45:30,0.0,0.0,0.0,0.0,0.0,0.0,0.0,0.0,0.0,0.0,0.0,0.0
2018-02-14 09:46:00,0.0,0.0,0.0,0.0,0.0,0.0,0.0,0.0,0.0,0.0,0.0,0.0
2018-02-14 09:46:30,0.0,0.0,0.0,0.0,0.0,0.0,0.0,0.0,0.0,0.0,0.0,0.0
2018-02-14 09:47:00,0.9999951350174264,0.0002456600065509335,0.0,0.0,0.0,0.0,2.1196838403074233e-08,0.9999951350174264,0.0,0.0,0.0,0.0
2018-02-14 09:47:30,0.0,0.0,0.0,0.0,0.0,0.0,0.0,0.0,0.0,0.0,0.0,0.0
2018-02-14 09:48:00,0.0,0.0,0.0,0.0,0.0,0.0,0.0,0.0,0.0,0.0,0.0,0.0
2018-02-14 09:48:30,5.912551813950922e-06,8.188666885031116e-05,8.614006374364717e-05,9.399901219571385e-06,0.00023161755646997949,0.08431384372294479,0.002390026730373255,0.0,0.0,0.0,0.0,0.0
2018-02-14 09:49:00,0.0,0.0,0.0,0.0,0.0,0.0,0.0,0.0,0.0,0.0,0.0,0.0
2018-02-14 09:49:30,0.9999951971613644,0.0002456600065509335,0.0,0.0,0.0,0.0,2.1196837129667988e-08,0.9999951971613644,0.0,0.0,0.0,0.0
2018-02-14 09:50:00,0.0,0.0,0.0,0.0,0.0,0.0,0.0,0.0,0.0,0.0,0.0,0.0
2018-02-14 09:50:30,0.0,0.0,0.0,0.0,0.0,0.0,0.0,0.0,0.0,0.0,0.0,0.0
2018-02-14 09:51:00,0.0,0.0,0.0,0.0,0.0,0.0,0.0,0.0,0.0,0.0,0.0,0.0
2018-02-14 09:51:30,0.0,0.0,0.0,0.0,0.0,0.0,0.0,0.0,0.0,0.0,0.0,0.0
2018-02-14 09:52:00,0.0,0.0,0.0,0.0,0.0,0.0,0.0,0.0,0.0,0.0,0.0,0.0
2018-02-14 09:52:30,0.999994167347535,0.0002456600065509335,0.0,0.0,0.0,0.0,2.1196858936749882e-08,0.999994167347535,0.0,0.0,0.0,0.0
2018-02-14 09:53:00,0.0,0.0,0.0,0.0,0.0,0.0,0.0,0.0,0.0,0.0,0.0,0.0
2018-02-14 09:53:30,0.0,0.0,0.0,0.0,0.0,0.0,0.0,0.0,0.0,0.0,0.0,0.0
2018-02-14 09:54:00,0.0,0.0,0.0,0.0,0.0,0.0,0.0,0.0,0.0,0.0,0.0,0.0
2018-02-14 09:54:30,0.0,0.0,0.0,0.0,0.0,0.0,0.0,0.0,0.0,0.0,0.0,0.0
2018-02-14 09:55:00,0.0,0.0,0.0,0.0,0.0,0.0,0.0,0.0,0.0,0.0,0.0,0.0
2018-02-14 09:55:30,0.9999972834221396,0.0002456600065509335,0.0,0.0,0.0,0.0,2.119679287880108e-08,0.9999972834221396,0.0,0.0,0.0,0.0
2018-02-14 09:56:00,0.0,0.0,0.0,0.0,0.0,0.0,0.0,0.0,0.0,0.0,0.0,0.0
2018-02-14 09:56:30,0.0,0.0,0.0,0.0,0.0,0.0,0.0,0.0,0.0,0.0,0.0,0.0
2018-02-14 09:57:00,0.0,0.0,0.0,0.0,0.0,0.0,0.0,0.0,0.0,0.0,0.0,0.0
2018-02-14 09:57:30,0.0,0.0,0.0,0.0,0.0,0.0,0.0,0.0,0.0,0.0,0.0,0.0
2018-02-14 09:58:00,0.9999955167587598,0.0002456600065509335,0.0,0.0,0.0,0.0,2.1196830364697328e-08,0.9999955167587598,0.0,0.0,0.0,0.0
2018-02-14 09:58:30,0.0,0.0,0.0,0.0,0.0,0.0,0.0,0.0,0.0,0.0,0.0,0.0
2018-02-14 09:59:00,0.0,0.0,0.0,0.0,0.0,0.0,0.0,0.0,0.0,0.0,0.0,0.0
2018-02-14 09:59:30,0.0,0.0,0.0,0.0,0.0,0.0,0.0,0.0,0.0,0.0,0.0,0.0
2018-02-14 10:00:00,0.0,0.0,0.0,0.0,0.0,0.0,0.0,0.0,0.0,0.0,0.0,0.0
2018-02-14 10:00:30,0.0,0.0,0.0,0.0,0.0,0.0,0.0,0.0,0.0,0.0,0.0,0.0
2018-02-14 10:01:00,0.9999955345141706,0.0002456600065509335,0.0,0.0,0.0,0.0,2.1196829966757878e-08,0.9999955345141706,0.0,0.0,0.0,0.0
2018-02-14 10:01:30,0.0,0.0,0.0,0.0,0.0,0.0,0.0,0.0,0.0,0.0,0.0,0.0
2018-02-14 10:02:00,0.0,0.0,0.0,0.0,0.0,0.0,0.0,0.0,0.0,0.0,0.0,0.0
2018-02-14 10:02:30,0.0,0.0,0.0,0.0,0.0,0.0,0.0,0.0,0.0,0.0,0.0,0.0
2018-02-14 10:03:00,0.0,0.0,0.0,0.0,0.0,0.0,0.0,0.0,0.0,0.0,0.0,0.0
2018-02-14 10:03:30,0.9999955078810543,0.0002456600065509335,0.0,0.0,0.0,0.0,2.119683052387311e-08,0.9999955078810543,0.0,0.0,0.0,0.0
2018-02-14 10:04:00,0.0,0.0,0.0,0.0,0.0,0.0,0.0,0.0,0.0,0.0,0.0,0.0
2018-02-14 10:04:30,0.0,0.0,0.0,0.0,0.0,0.0,0.0,0.0,0.0,0.0,0.0,0.0
2018-02-14 10:05:00,0.0,0.0,0.0,0.0,0.0,0.0,0.0,0.0,0.0,0.0,0.0,0.0
2018-02-14 10:05:30,0.0,0.0,0.0,0.0,0.0,0.0,0.0,0.0,0.0,0.0,0.0,0.0
2018-02-14 10:06:00,0.0,0.0,0.0,0.0,0.0,0.0,0.0,0.0,0.0,0.0,0.0,0.0
2018-02-14 10:06:30,0.9999957031905737,0.0002456600065509335,0.0,0.0,0.0,0.0,2.1196826385302822e-08,0.9999957031905737,0.0,0.0,0.0,0.0
2018-02-14 10:07:00,0.0,0.0,0.0,0.0,0.0,0.0,0.0,0.0,0.0,0.0,0.0,0.0
2018-02-14 10:07:30,0.0,0.0,0.0,0.0,0.0,0.0,0.0,0.0,0.0,0.0,0.0,0.0
2018-02-14 10:08:00,0.0,0.0,0.0,0.0,0.0,0.0,0.0,0.0,0.0,0.0,0.0,0.0
2018-02-14 10:08:30,0.0,0.0,0.0,0.0,0.0,0.0,0.0,0.0,0.0,0.0,0.0,0.0
2018-02-14 10:09:00,0.0,0.0,0.0,0.0,0.0,0.0,0.0,0.0,0.0,0.0,0.0,0.0
2018-02-14 10:09:30,0.9999971413788528,0.0002456600065509335,0.0,0.0,0.0,0.0,2.1196795903140905e-08,0.9999971413788528,0.0,0.0,0.0,0.0
2018-02-14 10:10:00,0.0,0.0,0.0,0.0,0.0,0.0,0.0,0.0,0.0,0.0,0.0,0.0
2018-02-14 10:10:30,0.0,0.0,0.0,0.0,0.0,0.0,0.0,0.0,0.0,0.0,0.0,0.0
2018-02-14 10:11:00,6.019084279067155e-06,8.188666885031116e-05,8.614006374364717e-05,9.399901219571385e-06,0.00023161755646997949,0.08282156330306975,0.002347725372313529,0.0,0.0,0.0,0.0,0.0
2018-02-14 10:11:30,0.0,0.0,0.0,0.0,0.0,0.0,0.0,0.0,0.0,0.0,0.0,0.0
2018-02-14 10:12:00,0.999995605535814,0.0002456600065509335,0.0,0.0,0.0,0.0,2.1196828454587964e-08,0.999995605535814,0.0,0.0,0.0,0.0
2018-02-14 10:12:30,0.0,0.0,0.0,0.0,0.0,0.0,0.0,0.0,0.0,0.0,0.0,0.0
2018-02-14 10:13:00,0.0,0.0,0.0,0.0,0.0,0.0,0.0,0.0,0.0,0.0,0.0,0.0
2018-02-14 10:13:30,0.0,0.0,0.0,0.0,0.0,0.0,0.0,0.0,0.0,0.0,0.0,0.0
2018-02-14 10:14:00,0.0,0.0,0.0,0.0,0.0,0.0,0.0,0.0,0.0,0.0,0.0,0.0
2018-02-14 10:14:30,0.0,0.0,0.0,0.0,0.0,0.0,0.0,0.0,0.0,0.0,0.0,0.0
2018-02-14 10:15:00,0.9999953924708838,0.0002456600065509335,0.0,0.0,0.0,0.0,2.11968329910977e-08,0.9999953924708838,0.0,0.0,0.0,0.0
2018-02-14 10:15:30,0.0,0.0,0.0,0.0,0.0,0.0,0.0,0.0,0.0,0.0,0.0,0.0
2018-02-14 10:16:00,0.0,0.0,0.0,0.0,0.0,0.0,0.0,0.0,0.0,0.0,0.0,0.0
2018-02-14 10:16:30,0.0,0.0,0.0,0.0,0.0,0.0,0.0,0.0,0.0,0.0,0.0,0.0
2018-02-14 10:17:00,0.0,0.0,0.0,0.0,0.0,0.0,0.0,0.0,0.0,0.0,0.0,0.0
2018-02-14 10:17:30,0.0,0.0,0.0,0.0,0.0,0.0,0.0,0.0,0.0,0.0,0.0,0.0
2018-02-14 10:18:00,0.9999958274784496,0.0002456600065509335,0.0,0.0,0.0,0.0,2.119682375890245e-08,0.9999958274784496,0.0,0.0,0.0,0.0
2018-02-14 10:18:30,0.0,0.0,0.0,0.0,0.0,0.0,0.0,0.0,0.0,0.0,0.0,0.0
2018-02-14 10:19:00,0.0,0.0,0.0,0.0,0.0,0.0,0.0,0.0,0.0,0.0,0.0,0.0
2018-02-14 10:19:30,0.0,0.0,0.0,0.0,0.0,0.0,0.0,0.0,0.0,0.0,0.0,0.0
2018-02-14 10:20:00,0.0,0.0,0.0,0.0,0.0,0.0,0.0,0.0,0.0,0.0,0.0,0.0
2018-02-14 10:20:30,0.9999957653345117,0.0002456600065509335,0.0,0.0,0.0,0.0,2.119682511189658e-08,0.9999957653345117,0.0,0.0,0.0,0.0
2018-02-14 10:21:00,0.0,0.0,0.0,0.0,0.0,0.0,0.0,0.0,0.0,0.0,0.0,0.0
2018-02-14 10:21:30,0.0,0.0,0.0,0.0,0.0,0.0,0.0,0.0,0.0,0.0,0.0,0.0
2018-02-14 10:22:00,0.0,0.0,0.0,0.0,0.0,0.0,0.0,0.0,0.0,0.0,0.0,0.0
2018-02-14 10:22:30,0.0,0.0,0.0,0.0,0.0,0.0,0.0,0.0,0.0,0.0,0.0,0.0
2018-02-14 10:23:00,0.0,0.0,0.0,0.0,0.0,0.0,0.0,0.0,0.0,0.0,0.0,0.0
2018-02-14 10:23:30,0.99999572982369,0.0002456600065509335,0.0,0.0,0.0,0.0,2.1196825828187594e-08,0.99999572982369,0.0,0.0,0.0,0.0
2018-02-14 10:24:00,0.0,0.0,0.0,0.0,0.0,0.0,0.0,0.0,0.0,0.0,0.0,0.0
2018-02-14 10:24:30,0.0,0.0,0.0,0.0,0.0,0.0,0.0,0.0,0.0,0.0,0.0,0.0
2018-02-14 10:25:00,0.0,0.0,0.0,0.0,0.0,0.0,0.0,0.0,0.0,0.0,0.0,0.0
2018-02-14 10:25:30,0.0,0.0,0.0,0.0,0.0,0.0,0.0,0.0,0.0,0.0,0.0,0.0
2018-02-14 10:26:00,0.9999957564568063,0.0002456600065509335,0.0,0.0,0.0,0.0,2.119682527107236e-08,0.9999957564568063,0.0,0.0,0.0,0.0
2018-02-14 10:26:30,0.0,0.0,0.0,0.0,0.0,0.0,0.0,0.0,0.0,0.0,0.0,0.0
2018-02-14 10:27:00,0.0,0.0,0.0,0.0,0.0,0.0,0.0,0.0,0.0,0.0,0.0,0.0
2018-02-14 10:27:30,0.0,0.0,0.0,0.0,0.0,0.0,0.0,0.0,0.0,0.0,0.0,0.0
2018-02-14 10:28:00,0.0,0.0,0.0,0.0,0.0,0.0,0.0,0.0,0.0,0.0,0.0,0.0
2018-02-14 10:28:30,0.0,0.0,0.0,0.0,0.0,0.0,0.0,0.0,0.0,0.0,0.0,0.0
2018-02-14 10:29:00,0.9999951172620155,0.0002456600065509335,0.0,0.0,0.0,0.0,2.1196838801013683e-08,0.9999951172620155,0.0,0.0,0.0,0.0
2018-02-14 10:29:30,0.0,0.0,0.0,0.0,0.0,0.0,0.0,0.0,0.0,0.0,0.0,0.0
2018-02-14 10:30:00,0.002867125989084027,0.0004094333442515558,0.00043070031871823584,0.00010928951817954997,0.00047309117917272405,0.0011499256355632676,2.464341806716691e-05,0.0014335629945420134,0.03594305316729074,1.0,1.0,0.0
2018-02-14 10:30:30,0.0,0.0,0.0,0.0,0.0,0.0,0.0,0.0,0.0,0.0,0.0,0.0
2018-02-14 10:31:00,0.0,0.0,0.0,0.0,0.0,0.0,0.0,0.0,0.0,0.0,0.0,0.0
2018-02-14 10:31:30,0.0,0.0,0.0,0.0,0.0,0.0,0.0,0.0,0.0,0.0,0.0,0.0
2018-02-14 10:32:00,0.5164865426103805,0.001473960039305601,0.001464381083642002,3.534362858558841e-05,0.0016206188905589446,4.121603795467723e-05,3.4386442439155965e-06,0.5023527136893722,0.06864928958884335,0.0,0.0,0.0
2018-02-14 10:32:30,0.0,0.0,0.0,0.0,0.0,0.0,0.0,0.0,0.0,0.0,0.0,0.0
2018-02-14 10:33:00,3.380926149869334e-08,0.009826400262037339,0.01033680764923766,0.0,0.0,0.0,0.9003420159223221,0.0,0.0,0.0,0.0,1.0
2018-02-14 10:33:30,3.5191224310062246e-08,0.08188666885031116,0.08614006374364717,0.0,0.0,0.0,0.9214646285917236,0.0,0.0,0.0,0.0,1.0
2018-02-14 10:34:00,3.187006574268447e-08,0.08106780216180805,0.0852786631062107,0.0,0.0,0.0,0.9851111033298328,0.0,0.0,0.0,0.0,1.0
2018-02-14 10:34:30,0.0010091116833191123,0.08131346216835898,0.0852786631062107,0.0,0.0,0.0,0.9363229862175337,0.0010090775431219581,0.0,0.0,0.0,1.0
2018-02-14 10:35:00,3.4294576062000616e-08,0.08188666885031116,0.08614006374364717,0.0,0.0,0.0,0.9180588002528849,0.0,0.0,0.0,0.0,1.0
2018-02-14 10:35:30,3.2527912682156426e-08,0.08188666885031116,0.08614006374364717,0.0,0.0,0.0,0.9666892027860472,0.0,0.0,0.0,0.0,1.0
2018-02-14 10:36:00,3.458811367421586e-08,0.08114968883065836,0.08536480316995435,0.0,0.0,0.0,0.9353202576145384,0.0,0.0,0.0,0.0,1.0
2018-02-14 10:36:30,3.3422472581093736e-08,0.08180478218146085,0.08605392367990353,0.0,0.0,0.0,0.9483087185006964,0.0,0.0,0.0,0.0,1.0
2018-02-14 10:37:00,3.369976979843498e-08,0.08188666885031116,0.08614006374364717,0.0,0.0,0.0,0.936022303736601,0.0,0.0,0.0,0.0,1.0
2018-02-14 10:37:30,0.0009990302129487259,0.0821323288568621,0.08614006374364717,0.0,0.0,0.0,0.9593475795457893,0.0009989964226813186,0.0,0.0,0.0,1.0
2018-02-14 10:38:00,4.140540310857956e-08,0.08114968883065836,0.08536480316995435,9.399901219571385e-06,0.00023161755646997949,9.396846898953124e-05,0.8524729393350564,0.0,0.0,0.0,0.0,1.0
2018-02-14 10:38:30,3.4276820651147915e-08,0.08188666885031116,0.08614006374364717,0.0,0.0,0.0,0.9462662460248853,0.0,0.0,0.0,0.0,1.0
2018-02-14 10:39:00,3.3071694557968576e-08,0.08106780216180805,0.0852786631062107,0.0,0.0,0.0,0.9591508164673921,0.0,0.0,0.0,0.0,1.0
2018-02-14 10:39:30,3.541316694572106e-08,0.08188666885031116,0.08614006374364717,0.0,0.0,0.0,0.9221263339885052,0.0,0.0,0.0,0.0,1.0
2018-02-14 10:40:00,3.514846638188634e-08,0.08024893547330494,0.08441726246877423,0.0,0.0,0.0,0.9363786523308605,0.0,0.0,0.0,0.0,1.0
2018-02-14 10:40:30,0.0009990326430099512,0.0821323288568621,0.08614006374364717,0.0,0.0,0.0,0.9074812733323376,0.000998995917157633,0.0,0.0,0.0,1.0
2018-02-14 10:41:00,3.2678833674404424e-08,0.08188666885031116,0.08614006374364717,0.0,0.0,0.0,0.9773455194125948,0.0,0.0,0.0,0.0,1.0
2018-02-14 10:41:30,3.357548192246605e-08,0.08188666885031116,0.08614006374364717,0.0,0.0,0.0,0.9460680086111453,0.0,0.0,0.0,0.0,1.0
2018-02-14 10:42:00,3.356490041498817e-08,0.08106780216180805,0.0852786631062107,0.0,0.0,0.0,0.9565498041966755,0.0,0.0,0.0,0.0,1.0
2018-02-14 10:42:30,3.3344661581380876e-08,0.08188666885031116,0.08614006374364717,0.0,0.0,0.0,0.963994590066632,0.0,0.0,0.0,0.0,1.0
2018-02-14 10:43:00,0.0009990227187818073,0.0821323288568621,0.08614006374364717,0.0,0.0,0.0,0.9537294710254975,0.0009989903563970913,0.0,0.0,0.0,1.0
2018-02-14 10:43:30,3.497815937982978e-08,0.08188666885031116,0.08614006374364717,0.0,0.0,0.0,0.944510383482911,0.0,0.0,0.0,0.0,1.0
2018-02-14 10:44:00,3.262332559704167e-08,0.08106780216180805,0.0852786631062107,0.0,0.0,0.0,0.9689159211904405,0.0,0.0,0.0,0.0,1.0
2018-02-14 10:44:30,3.259893432556725e-08,0.08188666885031116,0.08614006374364717,0.0,0.0,0.0,0.9867265743907007,0.0,0.0,0.0,0.0,1.0
2018-02-14 10:45:00,3.254261918407483e-08,0.08106780216180805,0.0852786631062107,0.0,0.0,0.0,0.9649211058155956,0.0,0.0,0.0,0.0,1.0
2018-02-14 10:45:30,3.486274920928719e-08,0.08188666885031116,0.08614006374364717,0.0,0.0,0.0,0.9275396778409429,0.0,0.0,0.0,0.0,1.0
2018-02-14 10:46:00,0.0010193373316350822,0.08049459547985588,0.08441726246877423,0.0,0.0,0.0,0.9810826346370595,0.001019305359226039,0.0,0.0,0.0,1.0
2018-02-14 10:46:30,3.448988558138038e-08,0.08188666885031116,0.08614006374364717,0.0,0.0,0.0,0.9382389615094839,0.0,0.0,0.0,0.0,1.0
2018-02-14 10:47:00,3.323812911626464e-08,0.08188666885031116,0.08614006374364717,0.0,0.0,0.0,0.9462989185092403,0.0,0.0,0.0,0.0,1.0
2018-02-14 10:47:30,3.499591479068248e-08,0.08188666885031116,0.08614006374364717,0.0,0.0,0.0,0.9342130433698789,0.0,0.0,0.0,0.0,1.0
2018-02-14 10:48:00,3.3798052274670166e-08,0.08106780216180805,0.0852786631062107,0.0,0.0,0.0,0.9568224916119308,0.0,0.0,0.0,0.0,1.0
2018-02-14 10:48:30,3.436559770541144e-08,0.08188666885031116,0.08614006374364717,0.0,0.0,0.0,0.9403436836136768,0.0,0.0,0.0,0.0,1.0
2018-02-14 10:49:00,0.0009989862057815675,0.0821323288568621,0.08614006374364717,0.0,0.0,0.0,0.9715629966047569,0.0009989533910861853,0.0,0.0,0.0,1.0
2018-02-14 10:49:30,3.437882512996235e-08,0.08155912217490992,0.08579550348867258,0.0,0.0,0.0,0.9280513521691631,0.0,0.0,0.0,0.0,1.0
2018-02-14 10:50:00,3.333833185787447e-08,0.08131346216835898,0.08553708329744164,0.0,0.0,0.0,0.9526373092942314,0.0,0.0,0.0,0.0,1.0
2018-02-14 10:50:30,3.448988558138038e-08,0.08188666885031116,0.08614006374364717,0.0,0.0,0.0,0.9282526223635329,0.0,0.0,0.0,0.0,1.0
2018-02-14 10:51:00,3.38070196538887e-08,0.08106780216180805,0.0852786631062107,0.0,0.0,0.0,0.9682364763333084,0.0,0.0,0.0,0.0,1.0
2018-02-14 10:51:30,0.0009989990301192762,0.0821323288568621,0.08614006374364717,0.0,0.0,0.0,0.8957509958593679,0.0009989636611989561,0.0,0.0,0.0,1.0
2018-02-14 10:52:00,3.4958229837035925e-08,0.08024893547330494,0.08441726246877423,0.0,0.0,0.0,0.939456538314204,0.0,0.0,0.0,0.0,1.0
2018-02-14 10:52:30,3.4196921302310734e-08,0.08188666885031116,0.08614006374364717,0.0,0.0,0.0,0.9574073059193341,0.0,0.0,0.0,0.0,1.0
2018-02-14 10:53:00,3.353109339533428e-08,0.08188666885031116,0.08614006374364717,0.0,0.0,0.0,0.9466566086570504,0.0,0.0,0.0,0.0,1.0
2018-02-14 10:53:30,3.554633252711635e-08,0.08188666885031116,0.08614006374364717,0.0,0.0,0.0,0.9329511497473745,0.0,0.0,0.0,0.0,1.0
2018-02-14 10:54:00,3.326897690077641e-08,0.08106780216180805,0.0852786631062107,0.0,0.0,0.0,0.9632871695902888,0.0,0.0,0.0,0.0,1.0
2018-02-14 10:54:30,0.0011377009206738706,0.08393383557156894,0.08846584546472565,6.96846010410892e-05,0.0005406756333402561,1.7063001035511468e-08,0.9000758390764689,0.0010115103881973364,0.00034043554444466154,0.000999000999000999,0.000999000999000999,1.0
2018-02-14 10:55:00,3.299843106975312e-08,0.08188666885031116,0.08614006374364717,0.0,0.0,0.0,0.9666113180238717,0.0,0.0,0.0,0.0,1.0
2018-02-14 10:55:30,3.4134777364326274e-08,0.08188666885031116,0.08614006374364717,0.0,0.0,0.0,0.9728917685146254,0.0,0.0,0.0,0.0,1.0
2018-02-14 10:56:00,3.327794427999495e-08,0.08106780216180805,0.0852786631062107,0.0,0.0,0.0,0.957401191142155,0.0,0.0,0.0,0.0,1.0
2018-02-14 10:56:30,3.501367020153519e-08,0.08188666885031116,0.08614006374364717,0.0,0.0,0.0,0.9170410001873359,0.0,0.0,0.0,0.0,1.0
2018-02-14 10:57:00,0.0010090892427014606,0.08131346216835898,0.0852786631062107,0.0,0.0,0.0,0.9532698322045561,0.0010090558102124078,0.0,0.0,0.0,1.0
2018-02-14 10:57:30,3.3513337984481574e-08,0.08188666885031116,0.08614006374364717,0.0,0.0,0.0,0.9784438222847657,0.0,0.0,0.0,0.0,1.0
2018-02-14 10:58:00,3.201409283339854e-08,0.08024893547330494,0.08441726246877423,0.0,0.0,0.0,0.9737205855550457,0.0,0.0,0.0,0.0,1.0
2018-02-14 10:58:30,3.393059013952016e-08,0.08188666885031116,0.08614006374364717,0.0,0.0,0.0,0.9574783695065094,0.0,0.0,0.0,0.0,1.0
2018-02-14 10:59:00,3.437447541083779e-08,0.08188666885031116,0.08614006374364717,0.0,0.0,0.0,0.9375932429983738,0.0,0.0,0.0,0.0,1.0
2018-02-14 10:59:30,3.405487801548909e-08,0.08188666885031116,0.08614006374364717,0.0,0.0,0.0,0.9395736347863692,0.0,0.0,0.0,0.0,1.0
2018-02-14 11:00:00,0.0010090921093671885,0.08131346216835898,0.0852786631062107,0.0,0.0,0.0,0.9468041578281334,0.001009059106877995,0.0,0.0,0.0,1.0
2018-02-14 11:00:30,3.3637625860450514e-08,0.08188666885031116,0.08614006374364717,0.0,0.0,0.0,0.946054947096169,0.0,0.0,0.0,0.0,1.0
2018-02-14 11:01:00,3.306057500773759e-08,0.08188666885031116,0.08614006374364717,0.0,0.0,0.0,0.9484397284575075,0.0,0.0,0.0,0.0,1.0
2018-02-14 11:01:30,3.567223453134463e-08,0.08106780216180805,0.0852786631062107,0.0,0.0,0.0,0.9092003833273911,0.0,0.0,0.0,0.0,1.0
2018-02-14 11:02:00,3.404600031006274e-08,0.08188666885031116,0.08614006374364717,0.0,0.0,0.0,0.937174380968676,0.0,0.0,0.0,0.0,1.0
2018-02-14 11:02:30,3.450764099223309e-08,0.08188666885031116,0.08614006374364717,0.0,0.0,0.0,0.9599150264385159,0.0,0.0,0.0,0.0,1.0
2018-02-14 11:03:00,0.00100808253106958,0.0813953488372093,0.08536480316995435,9.399901219571385e-06,0.00023161755646997949,8.263630197710336e-05,0.9698349501570226,0.0010080442817621282,0.0,0.0,0.0,1.0
2018-02-14 11:03:30,3.5071420123702576e-08,0.08106780216180805,0.0852786631062107,0.0,0.0,0.0,0.9170024405391368,0.0,0.0,0.0,0.0,1.0
2018-02-14 11:04:00,3.4299001450044293e-08,0.08098591549295774,0.08519252304246705,0.0,0.0,0.0,0.935685831451726,0.0,0.0,0.0,0.0,1.0
2018-02-14 11:04:30,3.336241699223358e-08,0.08188666885031116,0.08614006374364717,0.0,0.0,0.0,0.9372929236277527,0.0,0.0,0.0,0.0,1.0
2018-02-14 11:05:00,3.361987044959781e-08,0.08188666885031116,0.08614006374364717,0.0,0.0,0.0,0.9522572148320684,0.0,0.0,0.0,0.0,1.0
2018-02-14 11:05:30,0.0009990186923299956,0.0821323288568621,0.08614006374364717,0.0,0.0,0.0,0.9251052399070607,0.0009989831992459634,0.0,0.0,0.0,1.0
2018-02-14 11:06:00,3.273990152688266e-08,0.08106780216180805,0.0852786631062107,0.0,0.0,0.0,0.9725261028905756,0.0,0.0,0.0,0.0,1.0
2018-02-14 11:06:30,3.6219244663675454e-08,0.08106780216180805,0.0852786631062107,0.0,0.0,0.0,0.9055582280900915,0.0,0.0,0.0,0.0,1.0
2018-02-14 11:07:00,3.3886201612388394e-08,0.08188666885031116,0.08614006374364717,0.0,0.0,0.0,0.9605725495967433,0.0,0.0,0.0,0.0,1.0
2018-02-14 11:07:30,3.485620302245766e-08,0.08106780216180805,0.0852786631062107,0.0,0.0,0.0,0.907603575078873,0.0,0.0,0.0,0.0,1.0
2018-02-14 11:08:00,3.3053759799531504e-08,0.08106780216180805,0.0852786631062107,0.0,0.0,0.0,0.9561297124381508,0.0,0.0,0.0,0.0,1.0
2018-02-14 11:08:30,0.0010090994820731076,0.08131346216835898,0.0852786631062107,0.0,0.0,0.0,0.9274418480837049,0.0010090654583342486,0.0,0.0,0.0,1.0
2018-02-14 11:09:00,3.34334386356444e-08,0.08188666885031116,0.08614006374364717,0.0,0.0,0.0,0.9386990445670607,0.0,0.0,0.0,0.0,1.0
2018-02-14 11:09:30,3.405487801548909e-08,0.08188666885031116,0.08614006374364717,0.0,0.0,0.0,0.9467627342439849,0.0,0.0,0.0,0.0,1.0
2018-02-14 11:10:00,3.2954042542621355e-08,0.08188666885031116,0.08614006374364717,0.0,0.0,0.0,0.9551354022156859,0.0,0.0,0.0,0.0,1.0
2018-02-14 11:10:30,3.386082392919993e-08,0.08106780216180805,0.0852786631062107,0.0,0.0,0.0,0.9487094253769598,0.0,0.0,0.0,0.0,1.0
2018-02-14 11:11:00,3.2394747100761136e-08,0.08188666885031116,0.08614006374364717,0.0,0.0,0.0,0.9853166890184237,0.0,0.0,0.0,0.0,1.0
2018-02-14 11:11:30,0.0009990202266387256,0.0821323288568621,0.08614006374364717,0.0,0.0,0.0,0.9060645099629819,0.0009989853188979083,0.0,0.0,0.0,1.0
2018-02-14 11:12:00,3.3672508965610627e-08,0.08106780216180805,0.0852786631062107,0.0,0.0,0.0,0.9470100180233708,0.0,0.0,0.0,0.0,1.0
2018-02-14 11:12:30,3.393946784494651e-08,0.08188666885031116,0.08614006374364717,0.0,0.0,0.0,0.9461525361895384,0.0,0.0,0.0,0.0,1.0
2018-02-14 11:13:00,3.168453066665291e-08,0.08188666885031116,0.08614006374364717,0.0,0.0,0.0,0.9849430557968211,0.0,0.0,0.0,0.0,1.0
2018-02-14 11:13:30,3.461408378355713e-08,0.08106780216180805,0.0852786631062107,0.0,0.0,0.0,0.9464886795002493,0.0,0.0,0.0,0.0,1.0
2018-02-14 11:14:00,0.0010090991237398917,0.08131346216835898,0.0852786631062107,0.0,0.0,0.0,0.9659820725119733,0.001009066649792192,0.0,0.0,0.0,1.0
2018-02-14 11:14:30,3.5017615848391346e-08,0.08106780216180805,0.0852786631062107,0.0,0.0,0.0,0.9312743004793406,0.0,0.0,0.0,0.0,1.0
2018-02-14 11:15:00,3.440110852711685e-08,0.08188666885031116,0.08614006374364717,0.0,0.0,0.0,0.9223956045521704,0.0,0.0,0.0,0.0,1.0
2018-02-14 11:15:30,3.3859568496109336e-08,0.08188666885031116,0.08614006374364717,0.0,0.0,0.0,0.9675467417290942,0.0,0.0,0.0,0.0,1.0
2018-02-14 11:16:00,3.408151113176815e-08,0.08188666885031116,0.08614006374364717,0.0,0.0,0.0,0.9338984031225173,0.0,0.0,0.0,0.0,1.0
2018-02-14 11:16:30,3.499071371073573e-08,0.08106780216180805,0.0852786631062107,0.0,0.0,0.0,0.9325626434288732,0.0,0.0,0.0,0.0,1.0
2018-02-14 11:17:00,0.000999018204543983,0.0821323288568621,0.08614006374364717,0.0,0.0,0.0,0.9581671202528994,0.0009989860106671624,0.0,0.0,0.0,1.0
2018-02-14 11:17:30,3.3247006821690994e-08,0.08188666885031116,0.08614006374364717,0.0,0.0,0.0,0.9688836078657969,0.0,0.0,0.0,0.0,1.0
2018-02-14 11:18:00,3.3654574207173554e-08,0.08106780216180805,0.0852786631062107,0.0,0.0,0.0,0.9374180924868138,0.0,0.0,0.0,0.0,1.0
2018-02-14 11:18:30,3.366425897672957e-08,0.08188666885031116,0.08614006374364717,0.0,0.0,0.0,0.9251605083817442,0.0,0.0,0.0,0.0,1.0
2018-02-14 11:19:00,3.2829754666652415e-08,0.08188666885031116,0.08614006374364717,0.0,0.0,0.0,0.942118836958749,0.0,0.0,0.0,0.0,1.0
2018-02-14 11:19:30,0.0010091141916516244,0.08131346216835898,0.0852786631062107,0.0,0.0,0.0,0.9561772792708082,0.0010090807860375628,0.0,0.0,0.0,1.0
2018-02-14 11:20:00,3.387875868763701e-08,0.08106780216180805,0.0852786631062107,0.0,0.0,0.0,0.9047392429593796,0.0,0.0,0.0,0.0,1.0
2018-02-14 11:20:30,3.285647745672366e-08,0.08106780216180805,0.0852786631062107,0.0,0.0,0.0,0.9508388146837937,0.0,0.0,0.0,0.0,1.0
2018-02-14 11:21:00,3.207514970541243e-08,0.08188666885031116,0.08614006374364717,0.0,0.0,0.0,0.9636098394598284,0.0,0.0,0.0,0.0,1.0
2018-02-14 11:21:30,3.361987044959781e-08,0.08188666885031116,0.08614006374364717,0.0,0.0,0.0,0.9611558371763925,0.0,0.0,0.0,0.0,1.0
2018-02-14 11:22:00,3.298955336432677e-08,0.08188666885031116,0.08614006374364717,0.0,0.0,0.0,0.9588735420435504,0.0,0.0,0.0,0.0,1.0
2018-02-14 11:22:30,0.0010091119520690243,0.08131346216835898,0.0852786631062107,0.0,0.0,0.0,0.9367860374886473,0.0010090779193718349,0.0,0.0,0.0,1.0
2018-02-14 11:23:00,3.3113841240295703e-08,0.08188666885031116,0.08614006374364717,0.0,0.0,0.0,0.9381373803135912,0.0,0.0,0.0,0.0,1.0
2018-02-14 11:23:30,3.293628713176865e-08,0.08188666885031116,0.08614006374364717,0.0,0.0,0.0,0.9619608177308072,0.0,0.0,0.0,0.0,1.0
2018-02-14 11:24:00,3.2928216490471965e-08,0.08106780216180805,0.0852786631062107,0.0,0.0,0.0,0.9518107604043117,0.0,0.0,0.0,0.0,1.0
2018-02-14 11:24:30,3.3477827162776166e-08,0.08188666885031116,0.08614006374364717,0.0,0.0,0.0,0.9453257732635436,0.0,0.0,0.0,0.0,1.0
2018-02-14 11:25:00,3.201354381018108e-08,0.08106780216180805,0.0852786631062107,0.0,0.0,0.0,0.9802421022112515,0.0,0.0,0.0,0.0,1.0
2018-02-14 11:25:30,0.0009990285899516298,0.0821323288568621,0.08614006374364717,0.0,0.0,0.0,0.927215367091942,0.000998993522571754,0.0,0.0,0.0,1.0
2018-02-14 11:26:00,3.387875868763701e-08,0.08106780216180805,0.0852786631062107,0.0,0.0,0.0,0.937014879504439,0.0,0.0,0.0,0.0,1.0
2018-02-14 11:26:30,3.348419400202133e-08,0.08106780216180805,0.0852786631062107,0.0,0.0,0.0,0.9464838459453598,0.0,0.0,0.0,0.0,1.0
2018-02-14 11:27:00,3.2394747100761136e-08,0.08188666885031116,0.08614006374364717,0.0,0.0,0.0,0.9661809777819824,0.0,0.0,0.0,0.0,1.0
2018-02-14 11:27:30,3.342456093021805e-08,0.08188666885031116,0.08614006374364717,0.0,0.0,0.0,0.9746583297254948,0.0,0.0,0.0,0.0,1.0
2018-02-14 11:28:00,0.0009990252286625621,0.0821323288568621,0.08614006374364717,0.0,0.0,0.0,0.9576835782571091,0.0009989922986723045,0.0,0.0,0.0,1.0
2018-02-14 11:28:30,3.2919249111253425e-08,0.08106780216180805,0.0852786631062107,0.0,0.0,0.0,0.9705726907207386,0.0,0.0,0.0,0.0,1.0
2018-02-14 11:29:00,3.250127956587737e-08,0.08188666885031116,0.08614006374364717,0.0,0.0,0.0,0.949585571279781,0.0,0.0,0.0,0.0,1.0
2018-02-14 11:29:30,3.2128415937970555e-08,0.08188666885031116,0.08614006374364717,0.0,0.0,0.0,0.9727111455240826,0.0,0.0,0.0,0.0,1.0
2018-02-14 11:30:00,2.9177013362732666e-06,0.0814772355060596,0.08570936342492894,0.00010928951817954997,0.00047309117917272405,1.1639802872018494e-06,0.9446723085884332,1.4420941111235224e-06,3.5306165326456407e-05,0.0010090817356205853,0.0010090817356205853,1.0
2018-02-14 11:30:30,3.9559055379827796e-08,0.08188666885031116,0.08614006374364717,9.399901219571385e-06,0.00023161755646997949,9.37446075450438e-05,0.9650208138683002,0.0,0.0,0.0,0.0,1.0
2018-02-14 11:31:00,0.0010091055199877973,0.08131346216835898,0.0852786631062107,0.0,0.0,0.0,0.9706685247598846,0.001009072992290115,0.0,0.0,0.0,1.0
2018-02-14 11:31:30,3.266995596897807e-08,0.08188666885031116,0.08614006374364717,0.0,0.0,0.0,0.9713180482598955,0.0,0.0,0.0,0.0,1.0
2018-02-14 11:32:00,3.213908711924061e-08,0.08106780216180805,0.0852786631062107,0.0,0.0,0.0,0.9588783552904954,0.0,0.0,0.0,0.0,1.0
2018-02-14 11:32:30,3.1798326708936166e-08,0.08106780216180805,0.0852786631062107,0.0,0.0,0.0,0.9781415119953724,0.0,0.0,0.0,0.0,1.0
2018-02-14 11:33:00,3.314047435657476e-08,0.08188666885031116,0.08614006374364717,0.0,0.0,0.0,0.9348213613231223,0.0,0.0,0.0,0.0,1.0
2018-02-14 11:33:30,3.412589965889992e-08,0.08188666885031116,0.08614006374364717,0.0,0.0,0.0,0.9367210143326617,0.0,0.0,0.0,0.0,1.0
2018-02-14 11:34:00,0.0009990240402384593,0.0821323288568621,0.08614006374364717,0.0,0.0,0.0,0.9581186638722692,0.000998991314231443,0.0,0.0,0.0,1.0
2018-02-14 11:34:30,3.447957309527906e-08,0.08106780216180805,0.0852786631062107,0.0,0.0,0.0,0.9270016140663192,0.0,0.0,0.0,0.0,1.0
2018-02-14 11:35:00,3.405487801548909e-08,0.08188666885031116,0.08614006374364717,0.0,0.0,0.0,0.9348940736082787,0.0,0.0,0.0,0.0,1.0
2018-02-14 11:35:30,3.452539640308579e-08,0.08188666885031116,0.08614006374364717,0.0,0.0,0.0,0.9453489331486018,0.0,0.0,0.0,0.0,1.0
2018-02-14 11:36:00,3.272196676844559e-08,0.08106780216180805,0.0852786631062107,0.0,0.0,0.0,0.9603147087997168,0.0,0.0,0.0,0.0,1.0
2018-02-14 11:36:30,0.000999026097808548,0.0821323288568621,0.08614006374364717,0.0,0.0,0.0,0.9678273743349028,0.0009989922543281217,0.0,0.0,0.0,1.0
2018-02-14 11:37:00,3.241707587501529e-08,0.08106780216180805,0.0852786631062107,0.0,0.0,0.0,0.9621971672261942,0.0,0.0,0.0,0.0,1.0
2018-02-14 11:37:30,3.368201438758228e-08,0.08188666885031116,0.08614006374364717,0.0,0.0,0.0,0.9515200569873062,0.0,0.0,0.0,0.0,1.0
2018-02-14 11:38:00,3.323310738390226e-08,0.08106780216180805,0.0852786631062107,0.0,0.0,0.0,0.9492698668794064,0.0,0.0,0.0,0.0,1.0
2018-02-14 11:38:30,3.249778228798214e-08,0.08106780216180805,0.0852786631062107,0.0,0.0,0.0,0.96323838209006,0.0,0.0,0.0,0.0,1.0
2018-02-14 11:39:00,3.464080657362838e-08,0.08188666885031116,0.08614006374364717,0.0,0.0,0.0,0.9264963315036422,0.0,0.0,0.0,0.0,1.0
2018-02-14 11:39:30,0.0009990235879277932,0.0821323288568621,0.08614006374364717,0.0,0.0,0.0,1.0,0.0009989907200193915,0.0,0.0,0.0,1.0
2018-02-14 11:40:00,3.233260316277666e-08,0.08188666885031116,0.08614006374364717,0.0,0.0,0.0,0.9806862733832952,0.0,0.0,0.0,0.0,1.0
2018-02-14 11:40:30,3.2865444835942195e-08,0.08106780216180805,0.0852786631062107,0.0,0.0,0.0,0.9761668480067758,0.0,0.0,0.0,0.0,1.0
2018-02-14 11:41:00,3.246576874417195e-08,0.08188666885031116,0.08614006374364717,0.0,0.0,0.0,0.9735539997416963,0.0,0.0,0.0,0.0,1.0
2018-02-14 11:41:30,3.2918531720915946e-08,0.08188666885031116,0.08614006374364717,0.0,0.0,0.0,0.980071630958129,0.0,0.0,0.0,0.0,1.0
2018-02-14 11:42:00,3.387875868763701e-08,0.08106780216180805,0.0852786631062107,0.0,0.0,0.0,0.9703291654602703,0.0,0.0,0.0,0.0,1.0
2018-02-14 11:42:30,0.0009990240136319496,0.0821323288568621,0.08614006374364717,0.0,0.0,0.0,0.9366422896378196,0.0009989904539542938,0.0,0.0,0.0,1.0
2018-02-14 11:43:00,3.314343359171688e-08,0.08106780216180805,0.0852786631062107,0.0,0.0,0.0,0.9401440532788974,0.0,0.0,0.0,0.0,1.0
2018-02-14 11:43:30,3.382405767440392e-08,0.08188666885031116,0.08614006374364717,0.0,0.0,0.0,0.9532994787541373,0.0,0.0,0.0,0.0,1.0
2018-02-14 11:44:00,3.319723786702811e-08,0.08106780216180805,0.0852786631062107,0.0,0.0,0.0,0.9490532743524223,0.0,0.0,0.0,0.0,1.0
2018-02-14 11:44:30,3.412984530575607e-08,0.08106780216180805,0.0852786631062107,0.0,0.0,0.0,0.9280317702682752,0.0,0.0,0.0,0.0,1.0
2018-02-14 11:45:00,0.0009990238539928909,0.0821323288568621,0.08614006374364717,0.0,0.0,0.0,0.9152697956767614,0.0009989898508734056,0.0,0.0,0.0,1.0
2018-02-14 11:45:30,3.4285698356574265e-08,0.08188666885031116,0.08614006374364717,0.0,0.0,0.0,0.9488996388974099,0.0,0.0,0.0,0.0,1.0
2018-02-14 11:46:00,3.1764430015490086e-08,0.08188666885031116,0.08614006374364717,0.0,0.0,0.0,0.9841583803486147,0.0,0.0,0.0,0.0,1.0
2018-02-14 11:46:30,3.5008648469172806e-08,0.08106780216180805,0.0852786631062107,0.0,0.0,0.0,0.91004795952292,0.0,0.0,0.0,0.0,1.0
2018-02-14 11:47:00,3.582154139533329e-08,0.08188666885031116,0.08614006374364717,0.0,0.0,0.0,0.9090638950562128,0.0,0.0,0.0,0.0,1.0
2018-02-14 11:47:30,3.470214183173917e-08,0.08180478218146085,0.08605392367990353,0.0,0.0,0.0,0.9489933564285312,0.0,0.0,0.0,0.0,1.0
2018-02-14 11:48:00,0.00100910334311351,0.08131346216835898,0.0852786631062107,0.0,0.0,0.0,0.9588653998607503,0.0010090704033326294,0.0,0.0,0.0,1.0
2018-02-14 11:48:30,3.460529575192296e-08,0.08188666885031116,0.08614006374364717,0.0,0.0,0.0,0.9596354766118462,0.0,0.0,0.0,0.0,1.0
2018-02-14 11:49:00,3.33586506929618e-08,0.08106780216180805,0.0852786631062107,0.0,0.0,0.0,0.9313413097097012,0.0,0.0,0.0,0.0,1.0
2018-02-14 11:49:30,3.4294576062000616e-08,0.08188666885031116,0.08614006374364717,0.0,0.0,0.0,0.931127899668521,0.0,0.0,0.0,0.0,1.0
2018-02-14 11:50:00,3.3026857661875885e-08,0.08106780216180805,0.0852786631062107,0.0,0.0,0.0,0.9501084530339274,0.0,0.0,0.0,0.0,1.0
2018-02-14 11:50:30,0.0010091058872793437,0.08131346216835898,0.0852786631062107,0.0,0.0,0.0,0.9321068403841448,0.0010090713529156518,0.0,0.0,0.0,1.0
2018-02-14 11:51:00,3.3504460279055224e-08,0.08188666885031116,0.08614006374364717,0.0,0.0,0.0,0.9495774165064622,0.0,0.0,0.0,0.0,1.0
2018-02-14 11:51:30,3.464968427905473e-08,0.08188666885031116,0.08614006374364717,0.0,0.0,0.0,0.9353737491129824,0.0,0.0,0.0,0.0,1.0
2018-02-14 11:52:00,3.359323733331875e-08,0.08188666885031116,0.08614006374364717,0.0,0.0,0.0,0.9519228859251168,0.0,0.0,0.0,0.0,1.0
2018-02-14 11:52:30,3.472169233417959e-08,0.08106780216180805,0.0852786631062107,0.0,0.0,0.0,0.9424937545893531,0.0,0.0,0.0,0.0,1.0
2018-02-14 11:53:00,2.564519883365133e-05,0.08270553553881428,0.08743216469980188,2.6069059382277975e-05,0.0003153941194484827,3.9528884558208456e-08,0.950304685096508,5.518469987216247e-06,0.0001183381164698466,0.000999000999000999,0.000999000999000999,1.0
2018-02-14 11:53:30,0.0009990280046084149,0.0821323288568621,0.08614006374364717,0.0,0.0,0.0,0.9361801872323624,0.0009989937531615053,0.0,0.0,0.0,1.0
2018-02-14 11:54:00,3.4165714822630224e-08,0.08106780216180805,0.0852786631062107,0.0,0.0,0.0,0.9335103367165523,0.0,0.0,0.0,0.0,1.0
2018-02-14 11:54:30,3.370864750386134e-08,0.08188666885031116,0.08614006374364717,0.0,0.0,0.0,0.9624760333488177,0.0,0.0,0.0,0.0,1.0
2018-02-14 11:55:00,3.400430199669654e-08,0.08106780216180805,0.0852786631062107,0.0,0.0,0.0,0.9406803800281401,0.0,0.0,0.0,0.0,1.0
2018-02-14 11:55:30,3.3735280620140396e-08,0.08188666885031116,0.08614006374364717,0.0,0.0,0.0,0.9347124499048213,0.0,0.0,0.0,0.0,1.0
2018-02-14 11:56:00,3.4345062407000986e-08,0.08106780216180805,0.0852786631062107,0.0,0.0,0.0,0.933307338269946,0.0,0.0,0.0,0.0,1.0
2018-02-14 11:56:30,0.0010080967515070018,0.0813953488372093,0.08536480316995435,9.399901219571385e-06,0.00023161755646997949,7.950262198639858e-05,0.9065928059353479,0.0010080553699446113,0.0,0.0,0.0,1.0
2018-02-14 11:57:00,3.3770791441845805e-08,0.08188666885031116,0.08614006374364717,0.0,0.0,0.0,0.9612618437644153,0.0,0.0,0.0,0.0,1.0
2018-02-14 11:57:30,3.330915075967546e-08,0.08188666885031116,0.08614006374364717,0.0,0.0,0.0,0.9578963411420817,0.0,0.0,0.0,0.0,1.0
2018-02-14 11:58:00,3.2829754666652415e-08,0.08188666885031116,0.08614006374364717,0.0,0.0,0.0,0.9571961933161628,0.0,0.0,0.0,0.0,1.0
2018-02-14 11:58:30,3.520593081198065e-08,0.08106780216180805,0.0852786631062107,0.0,0.0,0.0,0.9372413624554006,0.0,0.0,0.0,0.0,1.0
2018-02-14 11:59:00,0.000999026292922953,0.0821323288568621,0.08614006374364717,0.0,0.0,0.0,0.9156599687241928,0.0009989916423783969,0.0,0.0,0.0,1.0
2018-02-14 11:59:30,3.380630226355121e-08,0.08188666885031116,0.08614006374364717,0.0,0.0,0.0,0.9234827542669735,0.0,0.0,0.0,0.0,1.0
2018-02-14 12:00:00,3.329587903843203e-08,0.08106780216180805,0.0852786631062107,0.0,0.0,0.0,0.9522820947176147,0.0,0.0,0.0,0.0,1.0
2018-02-14 12:00:30,3.259005662014089e-08,0.08188666885031116,0.08614006374364717,0.0,0.0,0.0,0.9693845402761185,0.0,0.0,0.0,0.0,1.0
2018-02-14 12:01:00,3.331381379686911e-08,0.08106780216180805,0.0852786631062107,0.0,0.0,0.0,0.9445309889719076,0.0,0.0,0.0,0.0,1.0
2018-02-14 12:01:30,3.426794294572156e-08,0.08188666885031116,0.08614006374364717,0.0,0.0,0.0,0.9586220046901905,0.0,0.0,0.0,0.0,1.0
2018-02-14 12:02:00,0.0010091076879037541,0.08131346216835898,0.0852786631062107,0.0,0.0,0.0,0.9217303596441239,0.0010090724010403086,0.0,0.0,0.0,1.0
2018-02-14 12:02:30,3.564533239368902e-08,0.08106780216180805,0.0852786631062107,0.0,0.0,0.0,0.9110710917270477,0.0,0.0,0.0,0.0,1.0
2018-02-14 12:03:00,3.4845490314397933e-08,0.07320668195217818,0.07700921698682058,0.0,0.0,0.0,0.9347995653185778,0.0,0.0,0.0,0.0,1.0
2018-02-14 12:03:30,0.0,0.0,0.0,0.0,0.0,0.0,0.0,0.0,0.0,0.0,0.0,0.0
2018-02-14 12:04:00,0.0,0.0,0.0,0.0,0.0,0.0,0.0,0.0,0.0,0.0,0.0,0.0
2018-02-14 12:04:30,0.0,0.0,0.0,0.0,0.0,0.0,0.0,0.0,0.0,0.0,0.0,0.0
2018-02-14 12:05:00,0.9999916815900156,0.0002456600065509335,0.0,0.0,0.0,0.0,2.1196911623933144e-08,0.9999916815900156,0.0,0.0,0.0,0.0
2018-02-14 12:05:30,0.0,0.0,0.0,0.0,0.0,0.0,0.0,0.0,0.0,0.0,0.0,0.0
2018-02-14 12:06:00,0.0,0.0,0.0,0.0,0.0,0.0,0.0,0.0,0.0,0.0,0.0,0.0
2018-02-14 12:06:30,0.0,0.0,0.0,0.0,0.0,0.0,0.0,0.0,0.0,0.0,0.0,0.0
2018-02-14 12:07:00,0.0,0.0,0.0,0.0,0.0,0.0,0.0,0.0,0.0,0.0,0.0,0.0
2018-02-14 12:07:30,0.9999894532859536,0.0002456600065509335,0.0,0.0,0.0,0.0,2.1196958899139874e-08,0.9999894532859536,0.0,0.0,0.0,0.0
2018-02-14 12:08:00,0.0,0.0,0.0,0.0,0.0,0.0,0.0,0.0,0.0,0.0,0.0,0.0
2018-02-14 12:08:30,0.0,0.0,0.0,0.0,0.0,0.0,0.0,0.0,0.0,0.0,0.0,0.0
2018-02-14 12:09:00,0.0,0.0,0.0,0.0,0.0,0.0,0.0,0.0,0.0,0.0,0.0,0.0
2018-02-14 12:09:30,0.0,0.0,0.0,0.0,0.0,0.0,0.0,0.0,0.0,0.0,0.0,0.0
2018-02-14 12:10:00,0.0,0.0,0.0,0.0,0.0,0.0,0.0,0.0,0.0,0.0,0.0,0.0
2018-02-14 12:10:30,0.9999903055456745,0.0002456600065509335,0.0,0.0,0.0,0.0,2.1196940832688817e-08,0.9999903055456745,0.0,0.0,0.0,0.0
2018-02-14 12:11:00,0.0,0.0,0.0,0.0,0.0,0.0,0.0,0.0,0.0,0.0,0.0,0.0
2018-02-14 12:11:30,0.0,0.0,0.0,0.0,0.0,0.0,0.0,0.0,0.0,0.0,0.0,0.0
2018-02-14 12:12:00,0.0,0.0,0.0,0.0,0.0,0.0,0.0,0.0,0.0,0.0,0.0,0.0
2018-02-14 12:12:30,0.0,0.0,0.0,0.0,0.0,0.0,0.0,0.0,0.0,0.0,0.0,0.0
2018-02-14 12:13:00,0.9999906606538915,0.0002456600065509335,0.0,0.0,0.0,0.0,2.1196933271839256e-08,0.9999906606538915,0.0,0.0,0.0,0.0
2018-02-14 12:13:30,0.0,0.0,0.0,0.0,0.0,0.0,0.0,0.0,0.0,0.0,0.0,0.0
2018-02-14 12:14:00,0.011696394654630581,0.0002456600065509335,0.00025842019123094155,1.4037185821226602e-05,4.505630277835467e-05,3.4692943595961254e-05,3.624490442743141e-06,0.010953517142258812,0.3647929156801207,1.0,1.0,0.0
2018-02-14 12:14:30,0.0,0.0,0.0,0.0,0.0,0.0,0.0,0.0,0.0,0.0,0.0,0.0
2018-02-14 12:15:00,0.0,0.0,0.0,0.0,0.0,0.0,0.0,0.0,0.0,0.0,0.0,0.0
2018-02-14 12:15:30,0.0,0.0,0.0,0.0,0.0,0.0,0.0,0.0,0.0,0.0,0.0,0.0
2018-02-14 12:16:00,0.1758464892863836,0.3060104814936128,0.8550262727194419,1.0,0.011145802899795486,1.0,0.003777491420192899,0.16677164066738245,0.006281077882045054,0.16666666666666666,0.16666666666666666,0.0
2018-02-14 12:16:30,0.0,0.0,0.0,0.0,0.0,0.0,0.0,0.0,0.0,0.0,0.0,0.0
2018-02-14 12:17:00,0.0,0.0,0.0,0.0,0.0,0.0,0.0,0.0,0.0,0.0,0.0,0.0
2018-02-14 12:17:30,0.0,0.0,0.0,0.0,0.0,0.0,0.0,0.0,0.0,0.0,0.0,0.0
2018-02-14 12:18:00,0.0,0.0,0.0,0.0,0.0,0.0,0.0,0.0,0.0,0.0,0.0,0.0
2018-02-14 12:18:30,0.0,0.0,0.0,0.0,0.0,0.0,0.0,0.0,0.0,0.0,0.0,0.0
2018-02-14 12:19:00,0.9999890360337985,0.0002456600065509335,0.0,0.0,0.0,0.0,2.119696773339568e-08,0.9999890360337985,0.0,0.0,0.0,0.0
2018-02-14 12:19:30,0.0,0.0,0.0,0.0,0.0,0.0,0.0,0.0,0.0,0.0,0.0,0.0
2018-02-14 12:20:00,0.0,0.0,0.0,0.0,0.0,0.0,0.0,0.0,0.0,0.0,0.0,0.0
2018-02-14 12:20:30,0.0,0.0,0.0,0.0,0.0,0.0,0.0,0.0,0.0,0.0,0.0,0.0
2018-02-14 12:21:00,0.011138004738723848,0.00032754667540124465,0.00043070031871823584,2.306109099201513e-05,9.011260555670934e-05,6.147938958658868e-05,5.709299596475554e-06,0.006925758415790281,0.17298160772758878,1.0,1.0,0.0
2018-02-14 12:21:30,0.9999899504374574,0.0002456600065509335,0.0,0.0,0.0,0.0,2.119694831395049e-08,0.9999899504374574,0.0,0.0,0.0,0.0
2018-02-14 12:22:00,0.0,0.0,0.0,0.0,0.0,0.0,0.0,0.0,0.0,0.0,0.0,0.0
2018-02-14 12:22:30,0.0,0.0,0.0,0.0,0.0,0.0,0.0,0.0,0.0,0.0,0.0,0.0
2018-02-14 12:23:00,0.0,0.0,0.0,0.0,0.0,0.0,0.0,0.0,0.0,0.0,0.0,0.0
2018-02-14 12:23:30,5.220090790695409e-06,8.188666885031116e-05,8.614006374364717e-05,9.399901219571385e-06,0.00023161755646997949,0.09549833319639646,0.002707071092565639,0.0,0.0,0.0,0.0,0.0
2018-02-14 12:24:00,0.0,0.0,0.0,0.0,0.0,0.0,0.0,0.0,0.0,0.0,0.0,0.0
2018-02-14 12:24:30,0.9999880239753799,0.0002456600065509335,0.0,0.0,0.0,0.0,2.119698914253812e-08,0.9999880239753799,0.0,0.0,0.0,0.0
2018-02-14 12:25:00,0.0,0.0,0.0,0.0,0.0,0.0,0.0,0.0,0.0,0.0,0.0,0.0
2018-02-14 12:25:30,0.0,0.0,0.0,0.0,0.0,0.0,0.0,0.0,0.0,0.0,0.0,0.0
2018-02-14 12:26:00,0.0,0.0,0.0,0.0,0.0,0.0,0.0,0.0,0.0,0.0,0.0,0.0
2018-02-14 12:26:30,0.0,0.0,0.0,0.0,0.0,0.0,0.0,0.0,0.0,0.0,0.0,0.0
2018-02-14 12:27:00,0.0,0.0,0.0,0.0,0.0,0.0,0.0,0.0,0.0,0.0,0.0,0.0
2018-02-14 12:27:30,0.9999949308302016,0.0002456600065509335,0.0,0.0,0.0,0.0,2.1196842780408188e-08,0.9999949308302016,0.0,0.0,0.0,0.0
2018-02-14 12:28:00,0.0,0.0,0.0,0.0,0.0,0.0,0.0,0.0,0.0,0.0,0.0,0.0
2018-02-14 12:28:30,0.0,0.0,0.0,0.0,0.0,0.0,0.0,0.0,0.0,0.0,0.0,0.0
2018-02-14 12:29:00,0.0,0.0,0.0,0.0,0.0,0.0,0.0,0.0,0.0,0.0,0.0,0.0
2018-02-14 12:29:30,0.0,0.0,0.0,0.0,0.0,0.0,0.0,0.0,0.0,0.0,0.0,0.0
2018-02-14 12:30:00,0.5014607997947901,0.0006550933508024893,0.00043070031871823584,0.00010928951817954997,0.00047309117917272405,0.0005631525143378102,1.2079207402994907e-05,0.5007289861228059,0.018250956023227204,0.5,0.5,0.0
2018-02-14 12:30:30,0.0,0.0,0.0,0.0,0.0,0.0,0.0,0.0,0.0,0.0,0.0,0.0
2018-02-14 12:31:00,0.0,0.0,0.0,0.0,0.0,0.0,0.0,0.0,0.0,0.0,0.0,0.0
2018-02-14 12:31:30,0.0,0.0,0.0,0.0,0.0,0.0,0.0,0.0,0.0,0.0,0.0,0.0
2018-02-14 12:32:00,0.0,0.0,0.0,0.0,0.0,0.0,0.0,0.0,0.0,0.0,0.0,0.0
2018-02-14 12:32:30,0.0,0.0,0.0,0.0,0.0,0.0,0.0,0.0,0.0,0.0,0.0,0.0
2018-02-14 12:33:00,0.9999929866127132,0.0002456600065509335,0.0,0.0,0.0,0.0,2.1196884006935268e-08,0.9999929866127132,0.0,0.0,0.0,0.0
2018-02-14 12:33:30,0.0,0.0,0.0,0.0,0.0,0.0,0.0,0.0,0.0,0.0,0.0,0.0
2018-02-14 12:34:00,0.0,0.0,0.0,0.0,0.0,0.0,0.0,0.0,0.0,0.0,0.0,0.0
2018-02-14 12:34:30,0.0,0.0,0.0,0.0,0.0,0.0,0.0,0.0,0.0,0.0,0.0,0.0
2018-02-14 12:35:00,0.0,0.0,0.0,0.0,0.0,0.0,0.0,0.0,0.0,0.0,0.0,0.0
2018-02-14 12:35:30,0.0,0.0,0.0,0.0,0.0,0.0,0.0,0.0,0.0,0.0,0.0,0.0
2018-02-14 12:36:00,0.9999920544536435,0.0002456600065509335,0.0,0.0,0.0,0.0,2.119690374473202e-08,0.9999920544536435,0.0,0.0,0.0,0.0
2018-02-14 12:36:30,0.0,0.0,0.0,0.0,0.0,0.0,0.0,0.0,0.0,0.0,0.0,0.0
2018-02-14 12:37:00,0.0,0.0,0.0,0.0,0.0,0.0,0.0,0.0,0.0,0.0,0.0,0.0
2018-02-14 12:37:30,0.0,0.0,0.0,0.0,0.0,0.0,0.0,0.0,0.0,0.0,0.0,0.0
2018-02-14 12:38:00,0.0,0.0,0.0,0.0,0.0,0.0,0.0,0.0,0.0,0.0,0.0,0.0
2018-02-14 12:38:30,0.9999900747253334,0.0002456600065509335,0.0,0.0,0.0,0.0,2.1196945687550113e-08,0.9999900747253334,0.0,0.0,0.0,0.0
2018-02-14 12:39:00,0.0,0.0,0.0,0.0,0.0,0.0,0.0,0.0,0.0,0.0,0.0,0.0
2018-02-14 12:39:30,0.0,0.0,0.0,0.0,0.0,0.0,0.0,0.0,0.0,0.0,0.0,0.0
2018-02-14 12:40:00,0.0,0.0,0.0,0.0,0.0,0.0,0.0,0.0,0.0,0.0,0.0,0.0
2018-02-14 12:40:30,0.0,0.0,0.0,0.0,0.0,0.0,0.0,0.0,0.0,0.0,0.0,0.0
2018-02-14 12:41:00,0.0,0.0,0.0,0.0,0.0,0.0,0.0,0.0,0.0,0.0,0.0,0.0
2018-02-14 12:41:30,0.9999911134168683,0.0002456600065509335,0.0,0.0,0.0,0.0,2.119692372129244e-08,0.9999911134168683,0.0,0.0,0.0,0.0
2018-02-14 12:42:00,0.0,0.0,0.0,0.0,0.0,0.0,0.0,0.0,0.0,0.0,0.0,0.0
2018-02-14 12:42:30,0.0,0.0,0.0,0.0,0.0,0.0,0.0,0.0,0.0,0.0,0.0,0.0
2018-02-14 12:43:00,0.0,0.0,0.0,0.0,0.0,0.0,0.0,0.0,0.0,0.0,0.0,0.0
2018-02-14 12:43:30,0.0,0.0,0.0,0.0,0.0,0.0,0.0,0.0,0.0,0.0,0.0,0.0
2018-02-14 12:44:00,0.999990420955845,0.0002456600065509335,0.0,0.0,0.0,0.0,2.1196938365464225e-08,0.999990420955845,0.0,0.0,0.0,0.0
2018-02-14 12:44:30,0.0,0.0,0.0,0.0,0.0,0.0,0.0,0.0,0.0,0.0,0.0,0.0
2018-02-14 12:45:00,0.0,0.0,0.0,0.0,0.0,0.0,0.0,0.0,0.0,0.0,0.0,0.0
2018-02-14 12:45:30,0.0,0.0,0.0,0.0,0.0,0.0,0.0,0.0,0.0,0.0,0.0,0.0
2018-02-14 12:46:00,0.0,0.0,0.0,0.0,0.0,0.0,0.0,0.0,0.0,0.0,0.0,0.0
2018-02-14 12:46:30,0.0,0.0,0.0,0.0,0.0,0.0,0.0,0.0,0.0,0.0,0.0,0.0
2018-02-14 12:47:00,0.9999905896322481,0.0002456600065509335,0.0,0.0,0.0,0.0,2.119693478400917e-08,0.9999905896322481,0.0,0.0,0.0,0.0
2018-02-14 12:47:30,0.0,0.0,0.0,0.0,0.0,0.0,0.0,0.0,0.0,0.0,0.0,0.0
2018-02-14 12:48:00,0.0,0.0,0.0,0.0,0.0,0.0,0.0,0.0,0.0,0.0,0.0,0.0
2018-02-14 12:48:30,0.0,0.0,0.0,0.0,0.0,0.0,0.0,0.0,0.0,0.0,0.0,0.0
2018-02-14 12:49:00,0.0,0.0,0.0,0.0,0.0,0.0,0.0,0.0,0.0,0.0,0.0,0.0
2018-02-14 12:49:30,0.0,0.0,0.0,0.0,0.0,0.0,0.0,0.0,0.0,0.0,0.0,0.0
2018-02-14 12:50:00,0.6330099019529345,0.0022928267278087126,0.003014902231027651,6.0159367805256864e-05,0.0008673338284833275,4.695171663311539e-06,8.073832507455179e-07,0.5110490201680961,0.25986853521771586,0.5,0.5,0.0
2018-02-14 12:50:30,0.0,0.0,0.0,0.0,0.0,0.0,0.0,0.0,0.0,0.0,0.0,0.0
2018-02-14 12:51:00,5.264479317827172e-06,8.188666885031116e-05,8.614006374364717e-05,9.399901219571385e-06,0.00023161755646997949,0.09469311959440348,0.0026842458725608695,0.0,0.0,0.0,0.0,0.0
2018-02-14 12:51:30,0.0,0.0,0.0,0.0,0.0,0.0,0.0,0.0,0.0,0.0,0.0,0.0
2018-02-14 12:52:00,0.0,0.0,0.0,0.0,0.0,0.0,0.0,0.0,0.0,0.0,0.0,0.0
2018-02-14 12:52:30,0.9999901990132094,0.0002456600065509335,0.0,0.0,0.0,0.0,2.119694306114974e-08,0.9999901990132094,0.0,0.0,0.0,0.0
2018-02-14 12:53:00,0.0,0.0,0.0,0.0,0.0,0.0,0.0,0.0,0.0,0.0,0.0,0.0
2018-02-14 12:53:30,0.0,0.0,0.0,0.0,0.0,0.0,0.0,0.0,0.0,0.0,0.0,0.0
2018-02-14 12:54:00,0.0,0.0,0.0,0.0,0.0,0.0,0.0,0.0,0.0,0.0,0.0,0.0
2018-02-14 12:54:30,0.0,0.0,0.0,0.0,0.0,0.0,0.0,0.0,0.0,0.0,0.0,0.0
2018-02-14 12:55:00,0.0,0.0,0.0,0.0,0.0,0.0,0.0,0.0,0.0,0.0,0.0,0.0
2018-02-14 12:55:30,0.9999890360337985,0.0002456600065509335,0.0,0.0,0.0,0.0,2.119696773339568e-08,0.9999890360337985,0.0,0.0,0.0,0.0
2018-02-14 12:56:00,0.0,0.0,0.0,0.0,0.0,0.0,0.0,0.0,0.0,0.0,0.0,0.0
2018-02-14 12:56:30,0.0,0.0,0.0,0.0,0.0,0.0,0.0,0.0,0.0,0.0,0.0,0.0
2018-02-14 12:57:00,0.0,0.0,0.0,0.0,0.0,0.0,0.0,0.0,0.0,0.0,0.0,0.0
2018-02-14 12:57:30,0.0,0.0,0.0,0.0,0.0,0.0,0.0,0.0,0.0,0.0,0.0,0.0
2018-02-14 12:58:00,0.0,0.0,0.0,0.0,0.0,0.0,0.0,0.0,0.0,0.0,0.0,0.0
2018-02-14 12:58:30,0.9999896219623566,0.0002456600065509335,0.0,0.0,0.0,0.0,2.119695531768482e-08,0.9999896219623566,0.0,0.0,0.0,0.0
2018-02-14 12:59:00,0.0,0.0,0.0,0.0,0.0,0.0,0.0,0.0,0.0,0.0,0.0,0.0
2018-02-14 12:59:30,0.09082547825819313,0.0008188666885031116,0.0006029804462055302,2.5943727366017022e-05,0.0009130941359925939,1.854276283652833e-05,1.3224795044964795e-06,0.020183439612931866,0.05644533818058799,0.0,0.0,0.0
